"ISO3";"x";"lang"
"ABK";"أبخازيا";"ar"
"ABK";"أبخازي*";"ar"
"ABK";"سوخومي";"ar"
"AFG";"أفغانستان";"ar"
"AFG";"أفغاني*";"ar"
"AFG";"كابول";"ar"
"AGO";"لواندا";"ar"
"AGO";"أنغولا";"ar"
"AGO";"أنغولاي*";"ar"
"ALB";"ألباني*";"ar"
"ALB";"تيرانا";"ar"
"ALB";"ألبانيا";"ar"
"AND";"أندوري*";"ar"
"AND";"أندورا";"ar"
"ARE";"دبي";"ar"
"ARE";"أبوظبي";"ar"
"ARE";"الإمارات العربية المتحدة";"ar"
"ARE";"الإمارات";"ar"
"ARE";"الإماراتي*";"ar"
"ARG";"بوينس آيرس";"ar"
"ARG";"الأرجنتين";"ar"
"ARG";"الأرجنتيني*";"ar"
"ARM";"أرميني*";"ar"
"ARM";"يريفان";"ar"
"ARM";"أرمينيا";"ar"
"ATG";"أنتيغوي*";"ar"
"ATG";"أنتيغوا وباربودا";"ar"
"ATG";"باربود";"ar"
"AUS";"أستراليا";"ar"
"AUS";"أسترالي*";"ar"
"AUS";"كانبرا";"ar"
"AUS";"سيدني";"ar"
"AUT";"النمسا";"ar"
"AUT";"فيينا";"ar"
"AUT";"النمساوي*";"ar"
"AZE";"أذربيجان";"ar"
"AZE";"أذربيجاني*";"ar"
"AZE";"أذري*";"ar"
"AZE";"باكو";"ar"
"BDI";"بوروندي*";"ar"
"BDI";"بوروندي";"ar"
"BEL";"بلجيكا";"ar"
"BEL";"بروكسل";"ar"
"BEL";"بلجيكي*";"ar"
"BEN";"بنين";"ar"
"BEN";"بورتو نوفو";"ar"
"BFA";"بوركينا فاسوي*";"ar"
"BFA";"واغادوغو";"ar"
"BFA";"بوركينا فاسو";"ar"
"BGD";"بنغلاديشي*";"ar"
"BGD";"بنغلاديش";"ar"
"BGD";"دكا";"ar"
"BGR";"بلغاري*";"ar"
"BGR";"صوفيا";"ar"
"BGR";"بلغاريا";"ar"
"BHR";"البحريني*";"ar"
"BHR";"المنامة";"ar"
"BHR";"البحرين";"ar"
"BHS";"ناساو";"ar"
"BHS";"باهاماسي*";"ar"
"BHS";"باهاماس";"ar"
"BIH";"البوسنة";"ar"
"BIH";"البوسنة والهرسك";"ar"
"BIH";"سراييفو";"ar"
"BIH";"البوسن*";"ar"
"BLR";"بيلاروس";"ar"
"BLR";"مينسك";"ar"
"BLR";"بيلاروسي*";"ar"
"BLZ";"بليزي*";"ar"
"BLZ";"بليز";"ar"
"BLZ";"بلموبان";"ar"
"BOL";"بوليفياي*";"ar"
"BOL";"بوليفيا";"ar"
"BOL";"لاباز";"ar"
"BOL";"سوكري";"ar"
"BRA";"البرازيلي*";"ar"
"BRA";"ريو";"ar"
"BRA";"سان باولو";"ar"
"BRA";"برازيليا";"ar"
"BRA";"البرازيل";"ar"
"BRB";"باربادوس";"ar"
"BRB";"بريدج تاون";"ar"
"BRB";"باربادوسي*";"ar"
"BRN";"برونايي*";"ar"
"BRN";"بروناي";"ar"
"BTN";"تيمفو";"ar"
"BTN";"بوتاني*";"ar"
"BTN";"بوتان";"ar"
"BWA";"بوتسوانا";"ar"
"BWA";"بوتسواني*";"ar"
"BWA";"غابورون";"ar"
"CAF";"جمهورية أفريقيا الوسطى";"ar"
"CAF";"بانغي";"ar"
"CAN";"ترونتو";"ar"
"CAN";"كندا";"ar"
"CAN";"كندي*";"ar"
"CAN";"كيبيك";"ar"
"CHE";"زيوريخ";"ar"
"CHE";"سويسرا";"ar"
"CHE";"سويسري*";"ar"
"CHE";"برن";"ar"
"CHL";"سانتياغو";"ar"
"CHL";"تشيلي";"ar"
"CHL";"تشيليي*";"ar"
"CHN";"الصيني*";"ar"
"CHN";"بكين";"ar"
"CHN";"شانغهاي";"ar"
"CHN";"الصين";"ar"
"CIV";"ياموسوكرو";"ar"
"CIV";"كوت ديفوار";"ar"
"CIV";"أبيدجان";"ar"
"CIV";"ساحل العاج";"ar"
"CMR";"ياوندي";"ar"
"CMR";"الكاميرون";"ar"
"CMR";"الكاميروني*";"ar"
"COD";"كينشاسا";"ar"
"COD";"جمهورية الكونغو الديمقراطية";"ar"
"COD";"كونغو";"ar"
"COG";"جمهورية الكونغو";"ar"
"COG";"برازافيل";"ar"
"COL";"كولومبياي*";"ar"
"COL";"بوغوتا";"ar"
"COL";"كولومبيا";"ar"
"COM";"الاتّحاد القَمَري";"ar"
"COM";"القَمَري";"ar"
"COM";"موروني";"ar"
"COM";"جزر القمر";"ar"
"CPV";"برايا";"ar"
"CPV";"كابو فيردي";"ar"
"CPV";"الرأس الأخضر";"ar"
"CRI";"كوستاريكا";"ar"
"CRI";"كوستاريكاي*";"ar"
"CRI";"سان خوسيه";"ar"
"CUB";"هافانا";"ar"
"CUB";"كوبا";"ar"
"CUB";"كوباي*";"ar"
"CYN";"قبرص الشمالية";"ar"
"CYN";"قبرص الشمال*";"ar"
"CYP";"قبرص";"ar"
"CYP";"قبرصي*";"ar"
"CYP";"نيقوسيا";"ar"
"CZE";"التشيك";"ar"
"CZE";"التشيكي*";"ar"
"CZE";"جمهورية التشيك";"ar"
"CZE";"براغ";"ar"
"DEU";"ألمانيا";"ar"
"DEU";"ألماني*";"ar"
"DEU";"برلين";"ar"
"DEU";"فرانكفورت";"ar"
"DJI";"جيبوتي";"ar"
"DJI";"جيبوتي*";"ar"
"DMA";"كومنولث دومينيكاي*";"ar"
"DMA";"روسو";"ar"
"DMA";"كومنولث دومينيكا";"ar"
"DNK";"مملكة الدانمارك";"ar"
"DNK";"الدنماركي*";"ar"
"DNK";"الدنمارك";"ar"
"DNK";"كوبنهاغن";"ar"
"DOM";"سانتو دومينغو";"ar"
"DOM";"جمهورية الدومينيكان";"ar"
"DOM";"جمهورية الدومينيكاني*";"ar"
"DZA";"الجزائر";"ar"
"DZA";"الجزائري*";"ar"
"ECU";"كيتو";"ar"
"ECU";"الإكوادور";"ar"
"ECU";"الإكوادوري*";"ar"
"EGY";"مصري*";"ar"
"EGY";"القاهرة";"ar"
"EGY";"مصر";"ar"
"ERI";"إريتريا";"ar"
"ERI";"إريتري*";"ar"
"ERI";"أسمرة";"ar"
"ESH";"الصحراء الغربية";"ar"
"ESH";"العيون";"ar"
"ESP";"إسبانيا";"ar"
"ESP";"إسباني*";"ar"
"ESP";"برشلونة";"ar"
"ESP";"مدريد";"ar"
"EST";"إستونيا";"ar"
"EST";"تالين";"ar"
"EST";"إستوني*";"ar"
"ETH";"أديس أبابا";"ar"
"ETH";"إثيوبيا";"ar"
"ETH";"إثيوبي";"ar"
"FIN";"هلسنكي";"ar"
"FIN";"فنلندا";"ar"
"FIN";"فنلندي*";"ar"
"FJI";"فيجي";"ar"
"FJI";"فيجي*";"ar"
"FRA";"باريس";"ar"
"FRA";"فرنسا";"ar"
"FRA";"فرنسي*";"ar"
"FSM";"ميكرونيسيا";"ar"
"FSM";"باليكير";"ar"
"FSM";"ميكرونيسيي*";"ar"
"GAB";"الغابوني*";"ar"
"GAB";"ليبرفيل";"ar"
"GAB";"الغابون";"ar"
"GBR";"بريطاني*";"ar"
"GBR";"بريطانيا";"ar"
"GBR";"لندن";"ar"
"GBR";"المملكة المتحدة لبريطانيا العظمى وأيرلندا الشمالية";"ar"
"GBR";"المملكة المتحدة";"ar"
"GEO";"كوتايسي";"ar"
"GEO";"جورجيا";"ar"
"GEO";"جورجي*";"ar"
"GEO";"تبليسي";"ar"
"GHA";"اكرا";"ar"
"GHA";"غانا";"ar"
"GHA";"غاني*";"ar"
"GIN";"غينيا";"ar"
"GIN";"غيني*";"ar"
"GIN";"كوناكري";"ar"
"GMB";"غامبي*";"ar"
"GMB";"غامبيا";"ar"
"GMB";"بانغول";"ar"
"GNB";"غينيا بيساو";"ar"
"GNB";"غينيا بيساوي*";"ar"
"GNB";"بيساو";"ar"
"GNQ";"مالابو";"ar"
"GNQ";"غينيا الاستوائي*";"ar"
"GNQ";"غينيا الاستوائية";"ar"
"GRC";"أثينا";"ar"
"GRC";"اليونان";"ar"
"GRC";"اليوناني*";"ar"
"GRD";"سانت جورجز";"ar"
"GRD";"غرينادا";"ar"
"GRD";"غريناداي*";"ar"
"GTM";"غواتيمالا سيتي";"ar"
"GTM";"غواتيمالاي*";"ar"
"GTM";"غواتيمالا";"ar"
"GUY";"غياني*";"ar"
"GUY";"غيانا";"ar"
"HND";"تيغوسيغالبا";"ar"
"HND";"هندوراسي*";"ar"
"HND";"هندوراس";"ar"
"HRV";"كرواتي*";"ar"
"HRV";"كرواتيا";"ar"
"HRV";"زغرب";"ar"
"HTI";"بورت أو برانس";"ar"
"HTI";"هايتي";"ar"
"HTI";"هايتي*";"ar"
"HUN";"المجر";"ar"
"HUN";"هنغاري*";"ar"
"HUN";"هنغاريا";"ar"
"HUN";"بودابست";"ar"
"IDN";"إندونيسياي*";"ar"
"IDN";"إندونيسيا";"ar"
"IDN";"جاكرتا";"ar"
"IND";"مومباي";"ar"
"IND";"الهندي*";"ar"
"IND";"نيودلهي";"ar"
"IND";"الهند";"ar"
"IRL";"أيرلندا";"ar"
"IRL";"جمهورية أيرلندا";"ar"
"IRL";"دبلن";"ar"
"IRN";"إيران";"ar"
"IRN";"إيراني*";"ar"
"IRN";"طهران";"ar"
"IRQ";"العراق";"ar"
"IRQ";"العراقي*";"ar"
"IRQ";"بغداد";"ar"
"ISL";"آيسلندا";"ar"
"ISL";"ريكيافيك";"ar"
"ISL";"آيسلندي*";"ar"
"ISR";"إسرائيلي*";"ar"
"ISR";"تل أبيب";"ar"
"ISR";"إسرائيل";"ar"
"ISR";"القدس";"ar"
"ITA";"روما";"ar"
"ITA";"إيطالي*";"ar"
"ITA";"إيطاليا";"ar"
"JAM";"كينغستون";"ar"
"JAM";"جامايكاي*";"ar"
"JAM";"جامايكا";"ar"
"JOR";"عمان";"ar"
"JOR";"الأردني*";"ar"
"JOR";"الأردن";"ar"
"JPN";"اليابان";"ar"
"JPN";"طوكيو";"ar"
"JPN";"الياباني*";"ar"
"KAZ";"كازاخستان";"ar"
"KAZ";"نور سلطان";"ar"
"KAZ";"كازاخستاني*";"ar"
"KEN";"نيروبي";"ar"
"KEN";"كيني*";"ar"
"KEN";"كينيا";"ar"
"KGZ";"القيرغيزي*";"ar"
"KGZ";"الجمهورية القيرغيزية";"ar"
"KGZ";"قيرغيزستان";"ar"
"KGZ";"بشكيك";"ar"
"KHM";"بنوم بنه";"ar"
"KHM";"كمبوديا";"ar"
"KHM";"كمبودياي*";"ar"
"KIR";"جنوب تاراوا";"ar"
"KIR";"كيريباتي";"ar"
"KIR";"كيريباتي*";"ar"
"KOR";"كوريا الجنوبية";"ar"
"KOR";"سول";"ar"
"KOR";"كوريا الجنوبي*";"ar"
"KOS";"كوسوفو";"ar"
"KOS";"كوسوفار*";"ar"
"KOS";"بريشتينا";"ar"
"KWT";"الكويت";"ar"
"KWT";"مدينة الكويت";"ar"
"KWT";"الكويتي*";"ar"
"LAO";"فيينتيان";"ar"
"LAO";"لاوسي*";"ar"
"LAO";"جمهورية لاو الديمقراطية الشعبية";"ar"
"LAO";"لاوس";"ar"
"LBN";"لبناني*";"ar"
"LBN";"لبنان";"ar"
"LBN";"بيروت";"ar"
"LBR";"ليبيري*";"ar"
"LBR";"ليبيريا";"ar"
"LBR";"مونروفيا";"ar"
"LBY";"ليبي*";"ar"
"LBY";"ليبيا";"ar"
"LBY";"طرابلس";"ar"
"LCA";"سانت لوسيا";"ar"
"LCA";"كاستريس";"ar"
"LCA";"سانت لوسيي*";"ar"
"LIE";"ليختنشتايني*";"ar"
"LIE";"ليختنشتاين";"ar"
"LIE";"فادوز";"ar"
"LKA";"كولمبو";"ar"
"LKA";"سريلانكا";"ar"
"LKA";"سريلانكي*";"ar"
"LSO";"ليسوتو";"ar"
"LSO";"ماسيرو";"ar"
"LSO";"ليسوتوي*";"ar"
"LTU";"ليتواني*";"ar"
"LTU";"فيلنيوس";"ar"
"LTU";"ليتوانيا";"ar"
"LUX";"لوكسمبورغي*";"ar"
"LUX";"لوكسمبورغ";"ar"
"LVA";"لاتفيا";"ar"
"LVA";"ريغا";"ar"
"LVA";"لاتفي*";"ar"
"MAR";"المغرب";"ar"
"MAR";"الرباط";"ar"
"MAR";"المغربي*";"ar"
"MCO";"موناكوي*";"ar"
"MCO";"موناكو";"ar"
"MCO";"موناكو فيل";"ar"
"MDA";"كيشيناو";"ar"
"MDA";"مولدوفا";"ar"
"MDA";"مولدوفاي*";"ar"
"MDG";"مدغشقري*";"ar"
"MDG";"أنتاناناريفو";"ar"
"MDG";"مدغشقر";"ar"
"MDG";"الملغاشية";"ar"
"MDV";"المالديف";"ar"
"MDV";"المالديفي*";"ar"
"MEX";"المكسيك";"ar"
"MEX";"المكسيكي*";"ar"
"MEX";"مدينة مكسيكو";"ar"
"MHL";"مارشالي*";"ar"
"MHL";"جزر مارشال";"ar"
"MHL";"ماجورو";"ar"
"MHL";"جزر مارشالي*";"ar"
"MKD";"مقدوني*";"ar"
"MKD";"سكوبيه";"ar"
"MKD";"مقدونيا";"ar"
"MLI";"مالي*";"ar"
"MLI";"مالي";"ar"
"MLI";"باماكو";"ar"
"MLT";"مالطاوي*";"ar"
"MLT";"فاليتا";"ar"
"MLT";"مالطا";"ar"
"MMR";"نايبيداو";"ar"
"MMR";"بورما";"ar"
"MMR";"يانجون";"ar"
"MMR";"ميانمار";"ar"
"MMR";"براهماديشي*";"ar"
"MNE";"مونتينيغروي*";"ar"
"MNE";"مونتينيغرو";"ar"
"MNE";"الجبل الأسود";"ar"
"MNE";"بودغوريتسا";"ar"
"MNG";"منغولي*";"ar"
"MNG";"منغوليا";"ar"
"MNG";"أولان باتور";"ar"
"MOZ";"مابوتو";"ar"
"MOZ";"موزمبيقي*";"ar"
"MOZ";"موزمبيق*";"ar"
"MRT";"نواكشوط";"ar"
"MRT";"موريتانيا";"ar"
"MRT";"موريتاني*";"ar"
"MUS";"موريشيوس";"ar"
"MUS";"بورت لويس";"ar"
"MUS";"موريشيوسي*";"ar"
"MWI";"ليلونغوي";"ar"
"MWI";"مالاوي";"ar"
"MWI";"مالاوي*";"ar"
"MYS";"كوالالمبور";"ar"
"MYS";"ماليزيا";"ar"
"MYS";"ماليزي*";"ar"
"MYS";"بوتراجايا";"ar"
"NAM";"ناميبيا";"ar"
"NAM";"ويندهوك";"ar"
"NAM";"ناميبي*";"ar"
"NER";"نيامي";"ar"
"NER";"النيجر";"ar"
"NER";"النيجري*";"ar"
"NGA";"نيجيري*";"ar"
"NGA";"نيجيريا";"ar"
"NGA";"لاغوس";"ar"
"NGA";"أبوجا";"ar"
"NIC";"نيكاراغواي*";"ar"
"NIC";"ماناغوا";"ar"
"NIC";"نيكاراغوا";"ar"
"NLD";"أمستردام";"ar"
"NLD";"مملكة الأراضي المنخفضة";"ar"
"NLD";"هولندي*";"ar"
"NLD";"هولندا";"ar"
"NOR";"أوسلو";"ar"
"NOR";"النرويجي*";"ar"
"NOR";"النرويج";"ar"
"NPL";"نيبال";"ar"
"NPL";"نيبالي*";"ar"
"NPL";"كاتماندو";"ar"
"NRU";"ناورو";"ar"
"NRU";"ضاحية يارين";"ar"
"NRU";"ناوروي*";"ar"
"NZL";"ويلينغتون";"ar"
"NZL";"نيوزيلندا";"ar"
"NZL";"أوكلاند";"ar"
"NZL";"نيوزيلنداي*";"ar"
"OMN";"مسقط";"ar"
"OMN";"سلطنة عمان";"ar"
"OMN";"عمان";"ar"
"OMN";"عماني*";"ar"
"OSA";"أوسيتيا الجنوبية";"ar"
"PAK";"باكستاني*";"ar"
"PAK";"باكستان";"ar"
"PAK";"إسلام آباد";"ar"
"PAN";"مدينة باناما";"ar"
"PAN";"بنما";"ar"
"PAN";"باناما";"ar"
"PAN";"بنماي*";"ar"
"PAN";"مدينة بنما";"ar"
"PER";"بيروي*";"ar"
"PER";"ليما";"ar"
"PER";"بيرو";"ar"
"PHL";"الفلبيني*";"ar"
"PHL";"مانيلا";"ar"
"PHL";"الفلبين";"ar"
"PLW";"بالاوي*";"ar"
"PLW";"بالاو";"ar"
"PLW";"ميلكيوك";"ar"
"PNG";"بابوا غينيا الجديدة";"ar"
"PNG";"بورت مورسبي";"ar"
"POL";"بولندي*";"ar"
"POL";"وارسُو";"ar"
"POL";"بولندا";"ar"
"PRK";"بيونغ يانغ";"ar"
"PRK";"كوريا الشمالية";"ar"
"PRK";"كوريا الشمالي*";"ar"
"PRT";"البرتغال";"ar"
"PRT";"لشبونة";"ar"
"PRT";"البرتغالي*";"ar"
"PRY";"باراغواي*";"ar"
"PRY";"أسونسيون";"ar"
"PSE";"الضفة الغربية";"ar"
"PSE";"غزة";"ar"
"PSE";"فلسطين";"ar"
"PSE";"فلسطيني*";"ar"
"QAT";"الدوحة";"ar"
"QAT";"قطري*";"ar"
"QAT";"قطر";"ar"
"ROU";"بوخارست";"ar"
"ROU";"رومانيا";"ar"
"ROU";"روماني*";"ar"
"RUS";"موسكو";"ar"
"RUS";"روسيا";"ar"
"RUS";"روسي*";"ar"
"RWA";"رواند*";"ar"
"RWA";"رواندي*";"ar"
"RWA";"كيغالي";"ar"
"SAU";"السعودية";"ar"
"SAU";"الرياض";"ar"
"SAU";"السعودي*";"ar"
"SAU";"المملكة العربية السعودية";"ar"
"SDN";"السودان";"ar"
"SDN";"السوداني*";"ar"
"SDN";"الخرطوم";"ar"
"SDS";"جنوب السودان";"ar"
"SDS";"جوبا";"ar"
"SDS";"جنوب السوداني*";"ar"
"SEN";"داكار";"ar"
"SEN";"السنغالي*";"ar"
"SEN";"السنغال";"ar"
"SGP";"سنغافوري*";"ar"
"SGP";"سنغافورة";"ar"
"SLB";"جزر سليماني*";"ar"
"SLB";"هونيارا";"ar"
"SLB";"جزر سليمان";"ar"
"SLE";"فريتاون";"ar"
"SLE";"سيراليون";"ar"
"SLE";"سيراليوني*";"ar"
"SLV";"سلفادور";"ar"
"SLV";"السلفادوري*";"ar"
"SLV";"سان سلفادور";"ar"
"SMR";"سان مارينو";"ar"
"SMR";"سانت مارينيس";"ar"
"SOM";"الصومال";"ar"
"SOM";"مقديشو";"ar"
"SOM";"الصومالي*";"ar"
"SOM";"الصومالية";"ar"
"SRB";"بلغراد";"ar"
"SRB";"صربيا";"ar"
"SRB";"صربي*";"ar"
"STP";"جمهورية ساو تومي وبرينسيب الديمقراطية";"ar"
"STP";"ساو تومي وبرينسيب";"ar"
"STP";"ساو تومي";"ar"
"SUR";"باراماريبو";"ar"
"SUR";"سورينامي*";"ar"
"SUR";"سورينام";"ar"
"SVK";"سلوفاكي*";"ar"
"SVK";"براتيسلافا";"ar"
"SVK";"سلوفاكيا";"ar"
"SVN";"سلوفيني*";"ar"
"SVN";"ليوبليانا";"ar"
"SVN";"سلوفينيا";"ar"
"SWE";"السويد";"ar"
"SWE";"ستوكهولم";"ar"
"SWE";"السويدي*";"ar"
"SWZ";"إسواتيني*";"ar"
"SWZ";"لوبامبا";"ar"
"SWZ";"مبابان";"ar"
"SWZ";"إسواتيني";"ar"
"SYC";"سيشل";"ar"
"SYC";"سيشلي*";"ar"
"SYC";"فيكتوريا";"ar"
"SYR";"دمشق";"ar"
"SYR";"سوري*";"ar"
"SYR";"سوريا";"ar"
"TCD";"تشادي*";"ar"
"TCD";"انجمينا";"ar"
"TCD";"تشاد";"ar"
"TGO";"توغوي*";"ar"
"TGO";"لومي";"ar"
"TGO";"توغو";"ar"
"THA";"تايلاند";"ar"
"THA";"بانكوك";"ar"
"THA";"تايلاندي*";"ar"
"TJK";"طاجيكستاني*";"ar"
"TJK";"طاجيكستان";"ar"
"TJK";"دوشنبه";"ar"
"TKM";"عشق آباد";"ar"
"TKM";"تركماني*";"ar"
"TKM";"تركمانستاني*";"ar"
"TKM";"تركمانستان";"ar"
"TKM";"تركمانيا";"ar"
"TLS";"تيمور الشرقية";"ar"
"TLS";"ديلي";"ar"
"TLS";"جمهورية تيمور الشرقية الديمقراطية";"ar"
"TLS";"تيمور الشرقي*";"ar"
"TON";"تونغاي*";"ar"
"TON";"نوكو ألوفا";"ar"
"TON";"تونغا";"ar"
"TTO";"توباغو";"ar"
"TTO";"ترينيداد وتوباغو";"ar"
"TTO";"ترينيداد";"ar"
"TTO";"توباغو*";"ar"
"TTO";"بورت أوف سبين";"ar"
"TUN";"تونسي*";"ar"
"TUN";"تونس";"ar"
"TUR";"إسطنبول";"ar"
"TUR";"تركي*";"ar"
"TUR";"أنقرة";"ar"
"TUR";"تركيا";"ar"
"TUV";"توفالو";"ar"
"TUV";"فونافوتي";"ar"
"TUV";"توفالوي*";"ar"
"TWN";"تايوان";"ar"
"TWN";"تايبيه";"ar"
"TWN";"تايواني*";"ar"
"TZA";"تنزاني*";"ar"
"TZA";"دار السلام";"ar"
"TZA";"تنزانيا";"ar"
"TZA";"دودوما";"ar"
"UGA";"أوغندي*";"ar"
"UGA";"أوغندا";"ar"
"UGA";"كامبالا";"ar"
"UKR";"أوكرانيا";"ar"
"UKR";"أوكراني*";"ar"
"UKR";"كييف";"ar"
"URY";"الأوروغوايي*";"ar"
"URY";"مونتيفيديو";"ar"
"URY";"الأوروغواي";"ar"
"USA";"واشنطن";"ar"
"USA";"الولايات المتحدة";"ar"
"USA";"الولايات المتحدة الأمريكية";"ar"
"USA";"الأمريكي*";"ar"
"USA";"نيويورك";"ar"
"UZB";"طشقند";"ar"
"UZB";"أوزبكستان";"ar"
"UZB";"أوزبكستاني*";"ar"
"VAT";"الفاتيكان";"ar"
"VAT";"فاتيكان*";"ar"
"VAT";"الكرسي الرسولي";"ar"
"VCT";"كينغستاون";"ar"
"VCT";"سانت فينسنتي*";"ar"
"VCT";"سانت فينسنت والغرينادين";"ar"
"VEN";"فنزويلاي*";"ar"
"VEN";"كراكاس";"ar"
"VEN";"فنزويلا";"ar"
"VNM";"فييت نام";"ar"
"VNM";"هانوي";"ar"
"VNM";"دينة هو تشي مينه";"ar"
"VNM";"فييت نامي*";"ar"
"VUT";"فانواتوي*";"ar"
"VUT";"فانواتو";"ar"
"VUT";"برتفلا";"ar"
"WSM";"سامواي*";"ar"
"WSM";"ساموا";"ar"
"WSM";"أبيا";"ar"
"YEM";"اليمني*";"ar"
"YEM";"اليمن";"ar"
"YEM";"صنعاء";"ar"
"ZAF";"بريتوريا";"ar"
"ZAF";"كيب تاون";"ar"
"ZAF";"جنوب أفريقي*";"ar"
"ZAF";"بلومفونتين";"ar"
"ZAF";"جنوب أفريقيا";"ar"
"ZMB";"لوساكا";"ar"
"ZMB";"زامبيا";"ar"
"ZMB";"زامبي*";"ar"
"ZWE";"زيمبابوي";"ar"
"ZWE";"هراري";"ar"
"ZWE";"زيمبابوي*";"ar"
"ABK";"abchas*";"de"
"AFG";"kabul";"de"
"AFG";"afghanistans";"de"
"AFG";"afganisch*";"de"
"AFG";"afghanistan";"de"
"AGO";"angola";"de"
"AGO";"luanda";"de"
"AGO";"angolas";"de"
"AGO";"angolanisch*";"de"
"ALB";"albaniens";"de"
"ALB";"albanisch* tirana";"de"
"ALB";"albanien";"de"
"AND";"andorra";"de"
"AND";"andorras";"de"
"AND";"andorranisch*";"de"
"ARE";"uae";"de"
"ARE";"arabischen emiraten";"de"
"ARE";"vereinigte arabische emirate";"de"
"ARE";"dubai";"de"
"ARE";"abu dhabi";"de"
"ARG";"argentinisch*";"de"
"ARG";"buenos aires";"de"
"ARG";"argentiniens";"de"
"ARG";"argentinien";"de"
"ARM";"jerewan";"de"
"ARM";"armenisch";"de"
"ARM";"armeniens";"de"
"ARM";"armenien";"de"
"ATG";"antiguan*";"de"
"ATG";"antigua und barbudas";"de"
"ATG";"barbudan*";"de"
"ATG";"antigua und barbuda";"de"
"AUS";"australisch*";"de"
"AUS";"canberra";"de"
"AUS";"australien";"de"
"AUS";"australiens";"de"
"AUS";"sydney";"de"
"AUT";"österreichs";"de"
"AUT";"österreichisch*";"de"
"AUT";"österreich";"de"
"AUT";"wien";"de"
"AZE";"aserbaidschans";"de"
"AZE";"aserbaidschanisch*";"de"
"AZE";"aserbaidschan";"de"
"AZE";"baku";"de"
"BDI";"bujumbura";"de"
"BDI";"burundisch*";"de"
"BDI";"burundis";"de"
"BDI";"kirundu";"de"
"BDI";"burundi";"de"
"BEL";"belgiens";"de"
"BEL";"belgisch*";"de"
"BEL";"brüssel";"de"
"BEL";"belgien";"de"
"BEN";"porto novo";"de"
"BEN";"benin";"de"
"BEN";"benins";"de"
"BFA";"burkina faso";"de"
"BFA";"burkinisch*";"de"
"BFA";"ouagadougou";"de"
"BFA";"burkinas fasos";"de"
"BGD";"dhaka";"de"
"BGD";"bangladesch*";"de"
"BGD";"dacca";"de"
"BGR";"bulgarien";"de"
"BGR";"bulgarisch*";"de"
"BGR";"bulgariens";"de"
"BGR";"sofia";"de"
"BHR";"bahrainisch*";"de"
"BHR";"bahrains";"de"
"BHR";"manama";"de"
"BHR";"bahrain";"de"
"BHS";"bahamaisch*";"de"
"BHS";"bahamas";"de"
"BHS";"nassau";"de"
"BHS";"bahamisch*";"de"
"BIH";"sarajevo";"de"
"BIH";"bosniens";"de"
"BIH";"bosnien";"de"
"BLR";"weißrussisch*";"de"
"BLR";"weissrussland";"de"
"BLR";"minsk";"de"
"BLR";"belarus";"de"
"BLR";"weißrussland";"de"
"BLR";"weißrusslands";"de"
"BLZ";"belize";"de"
"BLZ";"belizes";"de"
"BLZ";"belmopan";"de"
"BLZ";"belizisch*";"de"
"BOL";"bolivianisch*";"de"
"BOL";"boliviens";"de"
"BOL";"la paz";"de"
"BOL";"bolvien";"de"
"BOL";"sucre";"de"
"BRA";"brasilianisch*";"de"
"BRA";"brasiliens";"de"
"BRA";"rio";"de"
"BRA";"sao paulo";"de"
"BRA";"brasilien";"de"
"BRA";"brasilia";"de"
"BRB";"barbados";"de"
"BRB";"bridgetown";"de"
"BRB";"barbadier";"de"
"BRB";"barbadisch*";"de"
"BRN";"brunei*";"de"
"BRN";"bruneiisch*";"de"
"BTN";"thimphu";"de"
"BTN";"bhutanisch";"de"
"BTN";"bhutan*";"de"
"BWA";"gaborone";"de"
"BWA";"botswanisch*";"de"
"BWA";"botswana";"de"
"BWA";"botswanas";"de"
"CAF";"zentralafrikanische* republik*";"de"
"CAF";"bangui";"de"
"CAF";"zentral african*";"de"
"CAN";"quebec";"de"
"CAN";"toronto";"de"
"CAN";"kanadisch*";"de"
"CAN";"kanadas";"de"
"CAN";"kanada";"de"
"CAN";"ottawa";"de"
"CAN";"kanadier*";"de"
"CHE";"schweizer*";"de"
"CHE";"eidgenosse*";"de"
"CHE";"zürich";"de"
"CHE";"schweiz";"de"
"CHE";"bern";"de"
"CHL";"santiago";"de"
"CHL";"chile";"de"
"CHL";"chiles*";"de"
"CHL";"chilenisch*";"de"
"CHN";"chinesisch*";"de"
"CHN";"peking";"de"
"CHN";"chinas";"de"
"CHN";"volksrepublik china";"de"
"CHN";"shanghai";"de"
"CHN";"china";"de"
"CIV";"yamoussoukro";"de"
"CIV";"abidjan";"de"
"CIV";"ivorisch*";"de"
"CIV";"elfenbeinküste";"de"
"CIV";"côte d'ivoire";"de"
"CMR";"kamerunisch*";"de"
"CMR";"yaoundé";"de"
"CMR";"kameruns";"de"
"CMR";"kamerun";"de"
"COD";"kongo-kinshasa";"de"
"COD";"kongo";"de"
"COD";"kinshasa";"de"
"COG";"brazzaville";"de"
"COG";"republik kongo";"de"
"COG";"kongo-brazzaville";"de"
"COL";"bogota";"de"
"COL";"kolumbiens";"de"
"COL";"kolumbianisch*";"de"
"COL";"kolumbien";"de"
"COM";"komoren";"de"
"COM";"koromisch*";"de"
"COM";"moroni";"de"
"COM";"komorens";"de"
"CPV";"praia";"de"
"CPV";"kap verdes";"de"
"CPV";"kap verde";"de"
"CPV";"kapverdisch*";"de"
"CPV";"kapverdier*";"de"
"CRI";"costa ricas";"de"
"CRI";"costa rica";"de"
"CRI";"san jose";"de"
"CRI";"costarikanisch*";"de"
"CRI";"ticos";"de"
"CRI";"kostarikanisch*";"de"
"CUB";"kubas*";"de"
"CUB";"kuba";"de"
"CUB";"kubanisch*";"de"
"CUB";"havana";"de"
"CYN";"nordzypern";"de"
"CYN";"türkische republik zypern";"de"
"CYP";"zypriotisch*";"de"
"CYP";"zypern";"de"
"CYP";"zyperns";"de"
"CYP";"zyprer";"de"
"CYP";"nikosia";"de"
"CZE";"tschechisch*";"de"
"CZE";"tschechische republik";"de"
"CZE";"prag";"de"
"CZE";"tschechischen";"de"
"DEU";"deutschland";"de"
"DEU";"deutsch*";"de"
"DEU";"deutschlands";"de"
"DEU";"berlin";"de"
"DJI";"dschibutisch*";"de"
"DJI";"dschibuti";"de"
"DMA";"commonwealth of dominica";"de"
"DMA";"roseau";"de"
"DMA";"commonwealth dominicas";"de"
"DMA";"commonwealth dominica";"de"
"DNK";"kopenhagen";"de"
"DNK";"dänisch*";"de"
"DNK";"dänemarks";"de"
"DNK";"dänemark";"de"
"DOM";"dominikanisch*";"de"
"DOM";"santo domingo";"de"
"DOM";"dominikanische republik";"de"
"DZA";"algerien";"de"
"DZA";"algerisch*";"de"
"DZA";"algeriens";"de"
"DZA";"algier";"de"
"ECU";"ecuadors";"de"
"ECU";"ecuador";"de"
"ECU";"ecuadorianisch*";"de"
"ECU";"quito";"de"
"EGY";"kairo";"de"
"EGY";"ägyptens";"de"
"EGY";"ägyptisch*";"de"
"EGY";"ägypten";"de"
"ERI";"asmara";"de"
"ERI";"eritreisch*";"de"
"ERI";"eritreas";"de"
"ERI";"eritrea";"de"
"ESH";"west-sahara";"de"
"ESH";"west-saharisch* el aaiun";"de"
"ESH";"westsaharas";"de"
"ESH";"westsahara";"de"
"ESP";"spanien";"de"
"ESP";"madrid";"de"
"ESP";"spanisch*";"de"
"ESP";"spanier*";"de"
"ESP";"spaniens";"de"
"EST";"estland";"de"
"EST";"tallinn";"de"
"EST";"estlands";"de"
"EST";"estnisch*";"de"
"ETH";"addis ababa";"de"
"ETH";"äthiopier*";"de"
"ETH";"äthiopien";"de"
"ETH";"äthiopiens";"de"
"FIN";"finnlands";"de"
"FIN";"helsinki";"de"
"FIN";"finnland";"de"
"FIN";"finnisch*";"de"
"FJI";"Fidschi";"de"
"FRA";"frankreichs";"de"
"FRA";"französisch*";"de"
"FRA";"paris";"de"
"FRA";"frankreich";"de"
"FSM";"mikronesien";"de"
"FSM";"mikronesiens";"de"
"FSM";"palikir";"de"
"GAB";"gabunisch*";"de"
"GAB";"gabuns";"de"
"GAB";"libreville";"de"
"GAB";"gabun";"de"
"GBR";"uk";"de"
"GBR";"london";"de"
"GBR";"großbritannien";"de"
"GBR";"englands";"de"
"GBR";"vereinigtes königreich";"de"
"GBR";"england";"de"
"GBR";"britisch*";"de"
"GEO";"tiflis";"de"
"GEO";"georgisch*";"de"
"GEO";"georgiens";"de"
"GEO";"georgien";"de"
"GEO";"tbilisi";"de"
"GHA";"ghanaisch*";"de"
"GHA";"ghanas";"de"
"GHA";"accra";"de"
"GHA";"ghana";"de"
"GIN";"conakry";"de"
"GIN";"guineisch*";"de"
"GIN";"guineer*";"de"
"GIN";"guineas";"de"
"GIN";"guinea";"de"
"GMB";"gambias";"de"
"GMB";"gambia";"de"
"GMB";"gambisch*";"de"
"GMB";"banjul";"de"
"GNB";"bissau";"de"
"GNB";"guinea-bissau";"de"
"GNQ";"äquatorialguineas";"de"
"GNQ";"äquatorial-guinea";"de"
"GNQ";"äquatorialguinea";"de"
"GNQ";"malabo";"de"
"GRC";"griechisch*";"de"
"GRC";"athen";"de"
"GRC";"grieche*";"de"
"GRC";"griechenlands";"de"
"GRC";"griechenland";"de"
"GRD";"grenadas";"de"
"GRD";"grenada";"de"
"GRD";"saint george's";"de"
"GRD";"st george's";"de"
"GTM";"guatemala";"de"
"GTM";"guatemaltekisch*";"de"
"GTM";"guatemala-stadt";"de"
"GUY";"guyanisch*";"de"
"GUY";"kooperative republik guyana";"de"
"GUY";"guyana";"de"
"HND";"honduran*";"de"
"HND";"tegucigalpa";"de"
"HND";"honduras";"de"
"HND";"honduranisch*";"de"
"HRV";"kroatisch*";"de"
"HRV";"zagreb";"de"
"HRV";"kroatiens";"de"
"HRV";"kroatien";"de"
"HTI";"haiti";"de"
"HTI";"port au prince";"de"
"HTI";"haitisch*";"de"
"HTI";"haitis";"de"
"HTI";"port-au-prince";"de"
"HUN";"budapest";"de"
"HUN";"ungarisch*";"de"
"HUN";"ungarns";"de"
"HUN";"ungarn";"de"
"IDN";"indonesien";"de"
"IDN";"indonesisch*";"de"
"IDN";"jakarta";"de"
"IND";"indiens";"de"
"IND";"neu-dehli";"de"
"IND";"mumbai";"de"
"IND";"dehli";"de"
"IND";"indisch*";"de"
"IND";"indien";"de"
"IRL";"irland";"de"
"IRL";"dublin";"de"
"IRL";"irlands";"de"
"IRL";"irisch*";"de"
"IRN";"teheran";"de"
"IRN";"iran";"de"
"IRN";"iranisch*";"de"
"IRN";"irans";"de"
"IRQ";"irakisch*";"de"
"IRQ";"iraks";"de"
"IRQ";"baghdad";"de"
"IRQ";"irak";"de"
"ISL";"reykjavik";"de"
"ISL";"isländisch*";"de"
"ISL";"islands";"de"
"ISL";"island";"de"
"ISR";"irsraelisch*";"de"
"ISR";"jerusalem";"de"
"ISR";"israels";"de"
"ISR";"israel";"de"
"ITA";"italien";"de"
"ITA";"italienisch*";"de"
"ITA";"rom";"de"
"ITA";"italiens";"de"
"JAM";"kingston";"de"
"JAM";"jamaikanisch*";"de"
"JAM";"jamaikas";"de"
"JAM";"jamaika";"de"
"JOR";"amman";"de"
"JOR";"jordanisch*";"de"
"JOR";"jordaniens";"de"
"JOR";"jordanien";"de"
"JPN";"tokyo";"de"
"JPN";"japanisch*";"de"
"JPN";"japan";"de"
"JPN";"japans";"de"
"JPN";"tokio";"de"
"KAZ";"astana";"de"
"KAZ";"kasachisch*";"de"
"KAZ";"kasachstans";"de"
"KAZ";"kasachstan";"de"
"KEN";"nairobi";"de"
"KEN";"kenia";"de"
"KEN";"kenias";"de"
"KEN";"kenianisch*";"de"
"KGZ";"kyrgyzstan";"de"
"KGZ";"bishkek";"de"
"KGZ";"kirgisien";"de"
"KGZ";"kirgisisch";"de"
"KGZ";"kirgisistan";"de"
"KHM";"kambodscha";"de"
"KHM";"kambodschanisch*";"de"
"KHM";"phnom penh";"de"
"KIR";"kiribati";"de"
"KIR";"kiribatisch*";"de"
"KIR";"tarawa";"de"
"KOR";"koreanisch*";"de"
"KOR";"südkoreas";"de"
"KOR";"südkoreanisch*";"de"
"KOR";"seoul";"de"
"KOR";"südkorea";"de"
"KOR";"süd-korea";"de"
"KOR";"süd-koreas";"de"
"KOR";"süd-koreanisch*";"de"
"KOS";"kosovo";"de"
"KWT";"kuweitisch";"de"
"KWT";"kuwaitisch";"de"
"KWT";"kuwaits";"de"
"KWT";"kuwait";"de"
"LAO";"vientiane";"de"
"LAO";"laos";"de"
"LAO";"laotisch*";"de"
"LBN";"libanesisch*";"de"
"LBN";"beirut";"de"
"LBN";"libanon";"de"
"LBN";"libanons";"de"
"LBR";"liberia";"de"
"LBR";"liberianisch*";"de"
"LBR";"liberisch*";"de"
"LBR";"monrovia";"de"
"LBR";"liberias";"de"
"LBY";"tripolis";"de"
"LBY";"libyens";"de"
"LBY";"libyen";"de"
"LBY";"libysch*";"de"
"LCA";"saint lucia";"de"
"LCA";"castries";"de"
"LCA";"st lucias";"de"
"LCA";"st lucia";"de"
"LIE";"liechtensteins";"de"
"LIE";"liechtenstein*";"de"
"LIE";"vaduz";"de"
"LIE";"liechtenstein";"de"
"LKA";"colombo";"de"
"LKA";"ceylon";"de"
"LKA";"sri lanka";"de"
"LKA";"sri lankas";"de"
"LSO";"maseru";"de"
"LSO";"lesotho";"de"
"LSO";"lesothos";"de"
"LSO";"lesothonisch*";"de"
"LTU";"litauens";"de"
"LTU";"litauisch";"de"
"LTU";"litauen";"de"
"LTU";"vilnius";"de"
"LUX";"luxemburgisch*";"de"
"LUX";"luxemburg";"de"
"LUX";"luxemburgs";"de"
"LVA";"lettlands";"de"
"LVA";"lettisch*";"de"
"LVA";"riga";"de"
"LVA";"lettland";"de"
"MAR";"marokko";"de"
"MAR";"rabat";"de"
"MAR";"marokkos";"de"
"MAR";"marokkanisch*";"de"
"MCO";"monako";"de"
"MCO";"monegass*";"de"
"MCO";"monegass*";"de"
"MDA";"chisinau";"de"
"MDA";"moldavisch*";"de"
"MDA";"moldavien";"de"
"MDA";"moldawien";"de"
"MDA";"moldaviens";"de"
"MDG";"madagaskar";"de"
"MDG";"antananarivo";"de"
"MDG";"madagaskars";"de"
"MDV";"malediven";"de"
"MDV";"maledivisch*";"de"
"MEX";"mexikos";"de"
"MEX";"mexiko";"de"
"MEX";"mexico-stadt";"de"
"MEX";"mexikanisch*";"de"
"MEX";"mexico city";"de"
"MHL";"marshallinseln";"de"
"MHL";"marshallisch*";"de"
"MHL";"majuro";"de"
"MKD";"mazedonisch*";"de"
"MKD";"skopje";"de"
"MKD";"mazekoniens";"de"
"MKD";"mazedonien";"de"
"MLI";"bamako";"de"
"MLI";"malis";"de"
"MLI";"malisch*";"de"
"MLI";"malier";"de"
"MLI";"mali";"de"
"MLT";"malta";"de"
"MLT";"maltesisch*";"de"
"MLT";"valletta";"de"
"MLT";"maltas";"de"
"MMR";"naypyidaw";"de"
"MMR";"yangon";"de"
"MMR";"burma";"de"
"MMR";"burmesisch*";"de"
"MMR";"myanmar";"de"
"MNE";"montenegrin*";"de"
"MNE";"podgorica";"de"
"MNE";"montenegro";"de"
"MNG";"ulan bator";"de"
"MNG";"mongolisch";"de"
"MNG";"mongolei";"de"
"MOZ";"mosambik";"de"
"MOZ";"maputo";"de"
"MRT";"mauretanien";"de"
"MRT";"mauretanisch*";"de"
"MRT";"nouakchott";"de"
"MRT";"mauretaniens";"de"
"MUS";"port louis";"de"
"MUS";"mauritius";"de"
"MUS";"mauritianisch*";"de"
"MWI";"malawis";"de"
"MWI";"lilongwe";"de"
"MWI";"malawi";"de"
"MWI";"malawisch*";"de"
"MYS";"putrajaya";"de"
"MYS";"malaysisch*";"de"
"MYS";"kuala lumpur";"de"
"MYS";"malaysias";"de"
"MYS";"malaysia";"de"
"NAM";"namibia";"de"
"NAM";"namibianisch*";"de"
"NAM";"windhoek";"de"
"NAM";"namibias";"de"
"NER";"nigers";"de"
"NER";"niger";"de"
"NER";"nigerisch*";"de"
"NER";"niamey";"de"
"NGA";"lagos";"de"
"NGA";"abuja";"de"
"NGA";"nigeria";"de"
"NGA";"nigerianisch*";"de"
"NGA";"nigerias";"de"
"NIC";"nicaraguanisch*";"de"
"NIC";"managua";"de"
"NIC";"nicaragua";"de"
"NIC";"nicaraguaner*";"de"
"NLD";"niederlande";"de"
"NLD";"holland";"de"
"NLD";"hollands";"de"
"NLD";"niederländisch*";"de"
"NLD";"holländer";"de"
"NLD";"amsterdam";"de"
"NLD";"hollänisch*";"de"
"NOR";"norwegen";"de"
"NOR";"oslo";"de"
"NOR";"norwegisch*";"de"
"NOR";"norwegens";"de"
"NPL";"nepals";"de"
"NPL";"nepalesisch*";"de"
"NPL";"nepal";"de"
"NPL";"nepales* katmandu";"de"
"NPL";"kathmandu";"de"
"NRU";"nauru";"de"
"NRU";"nauruer*";"de"
"NRU";"yaren";"de"
"NZL";"neuseeland";"de"
"NZL";"neuseelands";"de"
"NZL";"neu-seeland";"de"
"NZL";"kiwi*";"de"
"NZL";"wellington";"de"
"NZL";"auckland";"de"
"NZL";"neuseeländisch*";"de"
"OMN";"omans";"de"
"OMN";"omanisch*";"de"
"OMN";"maskat";"de"
"OMN";"oman";"de"
"OSA";"südossetien";"de"
"PAK";"pakistans";"de"
"PAK";"islamabad";"de"
"PAK";"pakistanisch*";"de"
"PAK";"pakistan";"de"
"PAN";"panama";"de"
"PAN";"panama-stadt";"de"
"PAN";"panama city";"de"
"PAN";"panamaisch*";"de"
"PER";"perus";"de"
"PER";"peru";"de"
"PER";"lima";"de"
"PER";"peruanisch*";"de"
"PHL";"philippinen";"de"
"PHL";"manila";"de"
"PHL";"philippinisch*";"de"
"PLW";"palaus";"de"
"PLW";"palauisch*";"de"
"PLW";"melekeok";"de"
"PNG";"papua-neuguinea*";"de"
"PNG";"port moresby";"de"
"POL";"warschau";"de"
"POL";"polens";"de"
"POL";"polnisch*";"de"
"POL";"polen";"de"
"PRK";"nord-koreanisch*";"de"
"PRK";"nord-korea";"de"
"PRK";"nord-koreas";"de"
"PRK";"pjöngjang";"de"
"PRK";"nordkoreas";"de"
"PRK";"nordkoreanisch*";"de"
"PRK";"nordkorea";"de"
"PRT";"portugal";"de"
"PRT";"lissabon";"de"
"PRT";"portugisisch*";"de"
"PRT";"portugals";"de"
"PRY";"paraguay";"de"
"PRY";"asuncion";"de"
"PRY";"paraguayisch*";"de"
"PRY";"paraguays";"de"
"PSE";"palestina";"de"
"PSE";"palestinas";"de"
"PSE";"west-bank";"de"
"PSE";"gaza";"de"
"PSE";"palästin*";"de"
"PSE";"westjordan*";"de"
"PSE";"palestinensisch*";"de"
"PSE";"westbank";"de"
"QAT";"katars";"de"
"QAT";"katar";"de"
"QAT";"qatar";"de"
"QAT";"qatars";"de"
"QAT";"doha";"de"
"QAT";"katarisch*";"de"
"ROU";"bukarest";"de"
"ROU";"rumänisch*";"de"
"ROU";"rumäniens";"de"
"ROU";"rumänien";"de"
"RUS";"st petersburg";"de"
"RUS";"moskau";"de"
"RUS";"russland";"de"
"RUS";"russisch*";"de"
"RUS";"russlands";"de"
"RWA";"kigali";"de"
"RWA";"ruanda";"de"
"RWA";"ruandas";"de"
"RWA";"ruandisch*";"de"
"SAU";"saudi-arabien";"de"
"SAU";"riad";"de"
"SAU";"saudi-arabisch";"de"
"SAU";"saudi-arabiens";"de"
"SDN";"sudans";"de"
"SDN";"khartum";"de"
"SDN";"sudan";"de"
"SDN";"sudanisch*";"de"
"SDS";"südsudan";"de"
"SEN";"dakar";"de"
"SEN";"senegal";"de"
"SEN";"senegals";"de"
"SEN";"senegalesisch*";"de"
"SGP";"singapurs";"de"
"SGP";"singapur";"de"
"SGP";"singapurisch*";"de"
"SLB";"salomonen";"de"
"SLB";"salomon-inseln";"de"
"SLB";"salomoninseln";"de"
"SLB";"honiara";"de"
"SLE";"sierra leone";"de"
"SLE";"freetown";"de"
"SLV";"salvadorianisch*";"de"
"SLV";"el salvadors";"de"
"SLV";"el salvador";"de"
"SLV";"san salvador";"de"
"SMR";"san marino";"de"
"SMR";"san marinos";"de"
"SOM";"somalisch*";"de"
"SOM";"somalias";"de"
"SOM";"somalia";"de"
"SOM";"mogadishu";"de"
"SRB";"serbien";"de"
"SRB";"belgrad";"de"
"SRB";"serbisch* serbe";"de"
"SRB";"serbiens";"de"
"STP";"são tomé und príncipe";"de"
"STP";"sao tome and principe";"de"
"SUR";"surinam";"de"
"SUR";"paramaribo";"de"
"SUR";"suriname";"de"
"SUR";"surinames";"de"
"SUR";"surinams";"de"
"SVK";"bratislava";"de"
"SVK";"slowakisch*";"de"
"SVK";"slowakei";"de"
"SVN";"slowenien";"de"
"SVN";"sloweniens";"de"
"SVN";"ljubljana";"de"
"SVN";"slowenisch*";"de"
"SWE";"schwedens";"de"
"SWE";"schwedisch*";"de"
"SWE";"stockholm";"de"
"SWE";"schweden";"de"
"SWZ";"swasiland";"de"
"SWZ";"lobamba";"de"
"SWZ";"swasilands";"de"
"SWZ";"mbabane";"de"
"SYC";"seychellen";"de"
"SYC";"seselwa";"de"
"SYR";"syriens";"de"
"SYR";"syrien";"de"
"SYR";"damaskus";"de"
"SYR";"syrisch*";"de"
"TCD";"n'djamena";"de"
"TCD";"tschads";"de"
"TCD";"tschad";"de"
"TGO";"togos";"de"
"TGO";"lomé";"de"
"TGO";"lome";"de"
"TGO";"togolesisch*";"de"
"TGO";"togo";"de"
"TGO";"togoisch*";"de"
"THA";"thailändisch*";"de"
"THA";"thai";"de"
"THA";"thailand";"de"
"THA";"bangkok";"de"
"TJK";"dushanbe";"de"
"TJK";"tadschikistan";"de"
"TJK";"tadschikistsanisch*";"de"
"TJK";"tadschikistans*";"de"
"TKM";"turkmenistan";"de"
"TKM";"ashhabad";"de"
"TKM";"turkmenien";"de"
"TKM";"turkmeniens";"de"
"TKM";"turkmenistans";"de"
"TLS";"dili";"de"
"TLS";"osttimor";"de"
"TLS";"ost-timor";"de"
"TON";"tonga";"de"
"TON";"tongas";"de"
"TON";"tongaisch*";"de"
"TON";"nuku'alofa";"de"
"TTO";"tobago";"de"
"TTO";"trinidad und tobagos";"de"
"TTO";"trinidad und tobago";"de"
"TTO";"trinidad";"de"
"TTO";"port of spain";"de"
"TTO";"trinidadisch*";"de"
"TUN";"tunis";"de"
"TUN";"tunisisch*";"de"
"TUN";"tunesiens";"de"
"TUN";"tunesien";"de"
"TUR";"istanbul";"de"
"TUR";"türkei";"de"
"TUR";"türkisch*";"de"
"TUR";"kurdisch*";"de"
"TUR";"ankara";"de"
"TUV";"tuvalu*";"de"
"TUV";"funafuti";"de"
"TWN";"taipei";"de"
"TWN";"taiwan";"de"
"TWN";"taiwans";"de"
"TWN";"taiwanesisch*";"de"
"TZA";"daressalam";"de"
"TZA";"tansania";"de"
"TZA";"tansanias";"de"
"TZA";"dodoma";"de"
"TZA";"dar-es-salam";"de"
"TZA";"dar es salaam";"de"
"UGA";"ugandas";"de"
"UGA";"uganda";"de"
"UGA";"ugandandisch*";"de"
"UGA";"kampala";"de"
"UKR";"ukraine";"de"
"UKR";"ukrainisch*";"de"
"UKR";"kiew";"de"
"URY";"uruguay";"de"
"URY";"uruguays";"de"
"URY";"montevideo";"de"
"URY";"uruguayisch*";"de"
"USA";"amerikas";"de"
"USA";"vereinigte staaten";"de"
"USA";"united states";"de"
"USA";"washington";"de"
"USA";"usa";"de"
"USA";"us";"de"
"USA";"amerikanisch*";"de"
"USA";"vereinigte staaten von amerika";"de"
"UZB";"usbekistan";"de"
"UZB";"usbekistans";"de"
"UZB";"usbekisch*";"de"
"UZB";"tashkent";"de"
"VAT";"vatikan*";"de"
"VAT";"Heilige Stuhl";"de"
"VCT";"kingstown";"de"
"VCT";"st vincent und die grenadinen";"de"
"VEN";"venezuela";"de"
"VEN";"caracas";"de"
"VEN";"venezuelanisch*";"de"
"VEN";"venezuelas";"de"
"VNM";"ho-chi-minh-stadt";"de"
"VNM";"hanoi";"de"
"VNM";"vietnam";"de"
"VNM";"vietnamesisch*";"de"
"VNM";"ho-chi-minh";"de"
"VNM";"vietnams";"de"
"VUT";"vanuatu";"de"
"VUT";"vanatuanisch*";"de"
"VUT";"port vila";"de"
"WSM";"samoa*";"de"
"WSM";"samoanisch*";"de"
"WSM";"apia";"de"
"YEM";"sanaa";"de"
"YEM";"sana";"de"
"YEM";"jemenitisch*";"de"
"YEM";"jemenit";"de"
"YEM";"jemen";"de"
"ZAF";"südafrikas";"de"
"ZAF";"cape town";"de"
"ZAF";"johannesburg";"de"
"ZAF";"pretoria";"de"
"ZAF";"südafrikanisch*";"de"
"ZAF";"kapstadt";"de"
"ZAF";"südafrika";"de"
"ZMB";"lusaka";"de"
"ZMB";"samibsch*";"de"
"ZMB";"sambia";"de"
"ZMB";"sambias";"de"
"ZWE";"simbabwes";"de"
"ZWE";"harare";"de"
"ZWE";"simbabwe";"de"
"ZWE";"simbabwisch*";"de"
"ABK";"abkhaz*";"en"
"AFG";"afghanistan";"en"
"AFG";"kabul";"en"
"AFG";"afghan*";"en"
"AGO";"luanda";"en"
"AGO";"angola";"en"
"AGO";"angolan*";"en"
"ALB";"albania";"en"
"ALB";"albanian*";"en"
"ALB";"tirana";"en"
"AND";"andorran*";"en"
"AND";"andorra";"en"
"ARE";"uae";"en"
"ARE";"united arab emirates";"en"
"ARE";"dubai";"en"
"ARE";"abu dhabi";"en"
"ARE";"emirati*";"en"
"ARE";"emiri*";"en"
"ARG";"argentina";"en"
"ARG";"buenos aires";"en"
"ARG";"argentinian*";"en"
"ARG";"argentine*";"en"
"ARM";"armenian*";"en"
"ARM";"armenia";"en"
"ARM";"yerevan";"en"
"ATG";"barbudan*";"en"
"ATG";"antigua and barbuda";"en"
"ATG";"antiguan*";"en"
"AUS";"australia";"en"
"AUS";"australian*";"en"
"AUS";"aussie*";"en"
"AUS";"oz";"en"
"AUS";"canberra";"en"
"AUS";"sydney";"en"
"AUT";"austria";"en"
"AUT";"austrian*";"en"
"AUT";"vienna";"en"
"AZE";"azeri*";"en"
"AZE";"azerbaijani*";"en"
"AZE";"baku";"en"
"AZE";"azerbaijan";"en"
"BDI";"bujumbura";"en"
"BDI";"burundian*";"en"
"BDI";"burundi";"en"
"BEL";"belgium";"en"
"BEL";"belgian*";"en"
"BEL";"brussels";"en"
"BEN";"beninois";"en"
"BEN";"benin";"en"
"BEN";"beninese";"en"
"BEN";"porto novo";"en"
"BFA";"burkina faso";"en"
"BFA";"burkinabe*";"en"
"BFA";"ouagadougou";"en"
"BGD";"dacca";"en"
"BGD";"dhaka";"en"
"BGD";"bangladeshi*";"en"
"BGD";"bangladesh";"en"
"BGR";"bulgaria";"en"
"BGR";"bulgarian*";"en"
"BGR";"sofia";"en"
"BHR";"bahraini*";"en"
"BHR";"bahrain";"en"
"BHR";"manama";"en"
"BHS";"bahamian*";"en"
"BHS";"bahamas";"en"
"BHS";"nassau";"en"
"BIH";"bosnian*";"en"
"BIH";"bosnia and herzegovina";"en"
"BIH";"herzegovina";"en"
"BIH";"bosnia";"en"
"BIH";"sarajevo";"en"
"BLR";"belarusian*";"en"
"BLR";"belarus";"en"
"BLR";"minsk";"en"
"BLZ";"belizean*";"en"
"BLZ";"belize";"en"
"BLZ";"belmopan";"en"
"BOL";"bolivia";"en"
"BOL";"la paz";"en"
"BOL";"sucre";"en"
"BOL";"bolivian*";"en"
"BRA";"brazilian*";"en"
"BRA";"brazil";"en"
"BRA";"brasilia";"en"
"BRA";"rio";"en"
"BRA";"sao paulo";"en"
"BRB";"barbados";"en"
"BRB";"barbadian*";"en"
"BRB";"bridgetown";"en"
"BRN";"bruneian*";"en"
"BRN";"brunei";"en"
"BTN";"thimphu";"en"
"BTN";"bhutanese";"en"
"BTN";"bhutan";"en"
"BWA";"gaborone";"en"
"BWA";"botswanan*";"en"
"BWA";"botswana";"en"
"CAF";"central african republic";"en"
"CAF";"bangui";"en"
"CAF";"central african*";"en"
"CAN";"ottawa";"en"
"CAN";"toronto";"en"
"CAN";"quebec";"en"
"CAN";"canada";"en"
"CAN";"canadian*";"en"
"CHE";"switzerland";"en"
"CHE";"swiss*";"en"
"CHE";"zurich";"en"
"CHE";"bern";"en"
"CHL";"chile";"en"
"CHL";"chilean*";"en"
"CHL";"santiago";"en"
"CHN";"beijing";"en"
"CHN";"shanghai";"en"
"CHN";"china";"en"
"CHN";"chinese";"en"
"CIV";"ivorian*";"en"
"CIV";"yamoussoukro";"en"
"CIV";"i coast";"en"
"CIV";"côte d'ivoire";"en"
"CIV";"ivory coast";"en"
"CIV";"abidjan";"en"
"CMR";"yaoundé";"en"
"CMR";"cameroonian*";"en"
"CMR";"cameroon";"en"
"CMR";"yaounde";"en"
"COD";"dr congo";"en"
"COD";"dr congolese";"en"
"COD";"kinshasa";"en"
"COD";"democratic republic congo";"en"
"COD";"democratic republic congolese";"en"
"COD";"drc";"en"
"COG";"brazzaville";"en"
"COG";"congo republic";"en"
"COG";"congolese";"en"
"COG";"congo";"en"
"COL";"colombian*";"en"
"COL";"bogota";"en"
"COL";"colombia";"en"
"COM";"comorian*";"en"
"COM";"moroni";"en"
"COM";"comoros";"en"
"CPV";"praia";"en"
"CPV";"cape verdean*";"en"
"CPV";"cape verde";"en"
"CRI";"ticos";"en"
"CRI";"costa rica";"en"
"CRI";"san jose";"en"
"CRI";"costa rican*";"en"
"CUB";"havana";"en"
"CUB";"cuban*";"en"
"CUB";"cuba";"en"
"CYN";"northern cyprus";"en"
"CYN";"turkich republic of cyprus";"en"
"CYP";"nicosia";"en"
"CYP";"cyprus";"en"
"CYP";"cypriot*";"en"
"CZE";"czech*";"en"
"CZE";"prague";"en"
"CZE";"czech republic";"en"
"DEU";"germany";"en"
"DEU";"german*";"en"
"DEU";"berlin";"en"
"DJI";"djibouti";"en"
"DJI";"djiboutian*";"en"
"DMA";"commonwealth dominican*";"en"
"DMA";"roseau";"en"
"DMA";"commonwealth of dominica";"en"
"DNK";"dane*";"en"
"DNK";"copenhagen";"en"
"DNK";"denmark";"en"
"DNK";"danish";"en"
"DOM";"santo domingo";"en"
"DOM";"dominican*";"en"
"DOM";"dominican republic";"en"
"DZA";"algerian*";"en"
"DZA";"algiers";"en"
"DZA";"algeria";"en"
"ECU";"ecuadorian*";"en"
"ECU";"quito";"en"
"ECU";"ecuador";"en"
"EGY";"cairo";"en"
"EGY";"egypt";"en"
"EGY";"egyptian*";"en"
"ERI";"eritrean*";"en"
"ERI";"eritrea";"en"
"ERI";"asmara";"en"
"ESH";"western sahara";"en"
"ESH";"el aaiun";"en"
"ESH";"western saharan*";"en"
"ESP";"spain";"en"
"ESP";"spanish";"en"
"ESP";"spaniard*";"en"
"ESP";"madrid";"en"
"EST";"estonia";"en"
"EST";"estonian*";"en"
"EST";"tallinn";"en"
"ETH";"addis ababa";"en"
"ETH";"ethiopian*";"en"
"ETH";"ethiopia";"en"
"FIN";"finnish";"en"
"FIN";"helsinki";"en"
"FIN";"finn*";"en"
"FIN";"finland";"en"
"FJI";"fiji";"en"
"FJI";"fijian*";"en"
"FRA";"france";"en"
"FRA";"french*";"en"
"FRA";"paris";"en"
"FSM";"micronesia";"en"
"FSM";"micronesian*";"en"
"FSM";"palikir";"en"
"GAB";"libreville";"en"
"GAB";"gabonese";"en"
"GAB";"gabon";"en"
"GBR";"united kingdom";"en"
"GBR";"britain";"en"
"GBR";"british";"en"
"GBR";"briton*";"en"
"GBR";"brit*";"en"
"GBR";"london";"en"
"GBR";"uk";"en"
"GEO";"georgian*";"en"
"GEO";"tbilisi";"en"
"GEO";"georgia";"en"
"GHA";"accra";"en"
"GHA";"ghanaian*";"en"
"GHA";"ghana";"en"
"GIN";"conakry";"en"
"GIN";"guinean*";"en"
"GIN";"guinea";"en"
"GMB";"banjul";"en"
"GMB";"gambia";"en"
"GMB";"gambian*";"en"
"GNB";"bissau";"en"
"GNB";"guinea bissau";"en"
"GNB";"guinea bissauan*";"en"
"GNQ";"equatorial guinea";"en"
"GNQ";"malabo";"en"
"GNQ";"equatorial guinean*";"en"
"GNQ";"equatoguinean*";"en"
"GRC";"greece";"en"
"GRC";"greek*";"en"
"GRC";"athens";"en"
"GRD";"st george's";"en"
"GRD";"saint george's";"en"
"GRD";"grenadian*";"en"
"GRD";"grenada";"en"
"GTM";"guatemala";"en"
"GTM";"guatemala city";"en"
"GTM";"guatemalan*";"en"
"GUY";"guyana";"en"
"GUY";"guyanese";"en"
"HND";"honduras";"en"
"HND";"honduran*";"en"
"HND";"tegucigalpa";"en"
"HRV";"croatia";"en"
"HRV";"croatian*";"en"
"HRV";"croat*";"en"
"HRV";"zagreb";"en"
"HTI";"port-au-prince";"en"
"HTI";"haiti";"en"
"HTI";"port au prince";"en"
"HTI";"haitian*";"en"
"HUN";"budapest";"en"
"HUN";"hungarian*";"en"
"HUN";"hungary";"en"
"IDN";"jakarta";"en"
"IDN";"indonesian*";"en"
"IDN";"indonesia";"en"
"IND";"india";"en"
"IND";"indian*";"en"
"IND";"new delhi";"en"
"IND";"mumbai";"en"
"IRL";"ireland";"en"
"IRL";"irish";"en"
"IRL";"dublin";"en"
"IRN";"iran";"en"
"IRN";"iranian*";"en"
"IRN";"tehran";"en"
"IRQ";"baghdad";"en"
"IRQ";"iraq";"en"
"IRQ";"iraqi*";"en"
"ISL";"iceland";"en"
"ISL";"icelandic";"en"
"ISL";"reykjavik";"en"
"ISL";"icelander*";"en"
"ISR";"jerusalem";"en"
"ISR";"israel";"en"
"ISR";"israeli*";"en"
"ITA";"italy";"en"
"ITA";"italian*";"en"
"ITA";"rome";"en"
"JAM";"kingston";"en"
"JAM";"jamaica";"en"
"JAM";"jamaican*";"en"
"JOR";"jordan";"en"
"JOR";"jordanian*";"en"
"JOR";"amman";"en"
"JPN";"japan";"en"
"JPN";"japanese";"en"
"JPN";"tokyo";"en"
"KAZ";"kazakh*";"en"
"KAZ";"kazakhstan";"en"
"KAZ";"astana";"en"
"KEN";"nairobi";"en"
"KEN";"kenya";"en"
"KEN";"kenyan*";"en"
"KGZ";"kyrgyzstan";"en"
"KGZ";"kyrgyz*";"en"
"KGZ";"bishkek";"en"
"KHM";"cambodia";"en"
"KHM";"cambodian*";"en"
"KHM";"phnom penh";"en"
"KIR";"kiribati";"en"
"KIR";"kiribati*";"en"
"KIR";"tarawa";"en"
"KOR";"s korea";"en"
"KOR";"south korea";"en"
"KOR";"seoul";"en"
"KOR";"s korean*";"en"
"KOR";"south korean";"en"
"KOS";"kosovo";"en"
"KOS";"kosovar*";"en"
"KWT";"kuwait city";"en"
"KWT";"kuwait";"en"
"KWT";"kuwaiti*";"en"
"LAO";"laotian*";"en"
"LAO";"vientiane";"en"
"LAO";"laos";"en"
"LBN";"lebanon";"en"
"LBN";"lebanese";"en"
"LBN";"beirut";"en"
"LBR";"liberia";"en"
"LBR";"liberian*";"en"
"LBR";"monrovia";"en"
"LBY";"libyan*";"en"
"LBY";"tripoli";"en"
"LBY";"libya";"en"
"LCA";"saint lucia";"en"
"LCA";"st lucia";"en"
"LCA";"saint lucian*";"en"
"LCA";"castries";"en"
"LCA";"st lucian*";"en"
"LIE";"liechtenstein";"en"
"LIE";"liechtenstein*";"en"
"LIE";"vaduz";"en"
"LKA";"sri lankan*";"en"
"LKA";"sri lanka";"en"
"LKA";"colombo";"en"
"LSO";"lesothonian*";"en"
"LSO";"maseru";"en"
"LSO";"lesotho";"en"
"LTU";"lithuania";"en"
"LTU";"lithuanian*";"en"
"LTU";"vilnius";"en"
"LUX";"luxembourg";"en"
"LUX";"luxembourgish";"en"
"LUX";"luxembourger*";"en"
"LVA";"riga";"en"
"LVA";"latvian*";"en"
"LVA";"latvia";"en"
"MAR";"rabat";"en"
"MAR";"moroccan*";"en"
"MAR";"morocco";"en"
"MCO";"monaco";"en"
"MCO";"monacan*";"en"
"MCO";"monegasque*";"en"
"MDA";"moldovan*";"en"
"MDA";"moldova";"en"
"MDA";"chisinau";"en"
"MDG";"madagas*";"en"
"MDG";"malagas*";"en"
"MDG";"antananarivo";"en"
"MDG";"madagascar";"en"
"MDV";"maldivian*";"en"
"MDV";"maldives";"en"
"MEX";"mexico city";"en"
"MEX";"mexican*";"en"
"MEX";"mexico";"en"
"MHL";"marshall islands";"en"
"MHL";"marshall island*";"en"
"MHL";"marshallese";"en"
"MHL";"majuro";"en"
"MKD";"macedonia";"en"
"MKD";"macedonian*";"en"
"MKD";"skopje";"en"
"MLI";"bamako";"en"
"MLI";"malian*";"en"
"MLI";"mali";"en"
"MLT";"malta";"en"
"MLT";"maltese";"en"
"MLT";"valletta";"en"
"MMR";"burma";"en"
"MMR";"naypyidaw";"en"
"MMR";"burmese";"en"
"MMR";"myanmar";"en"
"MMR";"yangon";"en"
"MMR";"myanmarese";"en"
"MNE";"montenegro";"en"
"MNE";"podgorica";"en"
"MNE";"montenegrin*";"en"
"MNG";"mongolian*";"en"
"MNG";"ulan bator";"en"
"MNG";"mongolia";"en"
"MOZ";"maputo";"en"
"MOZ";"mozambican*";"en"
"MOZ";"mozambique";"en"
"MRT";"nouakchott";"en"
"MRT";"mauritanian*";"en"
"MRT";"mauritania";"en"
"MUS";"port louis";"en"
"MUS";"mauritian*";"en"
"MUS";"mauritius";"en"
"MWI";"lilongwe";"en"
"MWI";"malawian*";"en"
"MWI";"malawi";"en"
"MYS";"putrajaya";"en"
"MYS";"kuala lumpur";"en"
"MYS";"malaysian*";"en"
"MYS";"malaysia";"en"
"NAM";"windhoek";"en"
"NAM";"namibian*";"en"
"NAM";"namibia";"en"
"NER";"niger";"en"
"NER";"niamey";"en"
"NER";"nigerien*";"en"
"NGA";"nigeria";"en"
"NGA";"nigerian*";"en"
"NGA";"abuja";"en"
"NGA";"lagos";"en"
"NIC";"managua";"en"
"NIC";"nicaragua";"en"
"NIC";"nicaraguan*";"en"
"NLD";"netherlands";"en"
"NLD";"holland";"en"
"NLD";"dutch";"en"
"NLD";"hollander*";"en"
"NLD";"amsterdam";"en"
"NOR";"norwegian*";"en"
"NOR";"oslo";"en"
"NOR";"norway";"en"
"NPL";"nepali";"en"
"NPL";"nepal";"en"
"NPL";"nepalese";"en"
"NPL";"kathmandu";"en"
"NPL";"katmandu";"en"
"NRU";"nauru";"en"
"NRU";"nauruan*";"en"
"NRU";"yaren";"en"
"NZL";"new zealand";"en"
"NZL";"n zealand";"en"
"NZL";"nz";"en"
"NZL";"new zealander*";"en"
"NZL";"kiwi*";"en"
"NZL";"wellington";"en"
"NZL";"auckland";"en"
"OMN";"omani*";"en"
"OMN";"oman";"en"
"OMN";"muscat";"en"
"OSA";"south ossetia";"en"
"PAK";"pakistan";"en"
"PAK";"pakistani*";"en"
"PAK";"islamabad";"en"
"PAN";"panama city";"en"
"PAN";"panamanian*";"en"
"PAN";"panama";"en"
"PER";"lima";"en"
"PER";"peruvian*";"en"
"PER";"peru";"en"
"PHL";"filipina*";"en"
"PHL";"philippines";"en"
"PHL";"manila";"en"
"PHL";"philippine";"en"
"PHL";"filipino*";"en"
"PLW";"palauan*";"en"
"PLW";"melekeok";"en"
"PNG";"papua new guinea";"en"
"PNG";"papua new guinean*";"en"
"PNG";"papuan*";"en"
"PNG";"port moresby";"en"
"POL";"pole*";"en"
"POL";"polish";"en"
"POL";"warsaw";"en"
"POL";"poland";"en"
"PRK";"n korean*";"en"
"PRK";"north korean*";"en"
"PRK";"north korea";"en"
"PRK";"n korea";"en"
"PRK";"dprk";"en"
"PRK";"pyongyang";"en"
"PRT";"portuguese";"en"
"PRT";"lisbon";"en"
"PRT";"portugal";"en"
"PRY";"asuncion";"en"
"PRY";"paraguayan*";"en"
"PRY";"paraguay";"en"
"PSE";"gaza";"en"
"PSE";"palestinian*";"en"
"PSE";"palestine";"en"
"PSE";"west bank";"en"
"PSE";"gaza city";"en"
"QAT";"qatar";"en"
"QAT";"qatari*";"en"
"QAT";"doha";"en"
"ROU";"bucharest";"en"
"ROU";"romanian*";"en"
"ROU";"romania";"en"
"RUS";"moscow";"en"
"RUS";"russian*";"en"
"RUS";"russia";"en"
"RWA";"kigali";"en"
"RWA";"rwandan*";"en"
"RWA";"rwanda";"en"
"SAU";"saudi*";"en"
"SAU";"riyadh";"en"
"SAU";"saudi arabia";"en"
"SDN";"sudanese";"en"
"SDN";"sudan";"en"
"SDN";"khartoum";"en"
"SDS";"south sudan";"en"
"SDS";"southern sudan";"en"
"SEN";"dakar";"en"
"SEN";"senegalese";"en"
"SEN";"senegal";"en"
"SGP";"singapore";"en"
"SGP";"singaporean*";"en"
"SLB";"solomon islands";"en"
"SLB";"solomon island*";"en"
"SLB";"honiara";"en"
"SLE";"freetown";"en"
"SLE";"sierra leonean*";"en"
"SLE";"sierra leone";"en"
"SLV";"el salvador";"en"
"SLV";"san salvador";"en"
"SLV";"salvadoran*";"en"
"SMR";"san marino";"en"
"SMR";"sammarinese";"en"
"SOM";"somalian*";"en"
"SOM";"somali*";"en"
"SOM";"somalia";"en"
"SOM";"mogadishu";"en"
"SRB";"serbia";"en"
"SRB";"serbian*";"en"
"SRB";"belgrade";"en"
"SRB";"serb*";"en"
"STP";"sao tome and principe";"en"
"STP";"sao tomean*";"en"
"STP";"são tomé und príncipe";"en"
"SUR";"paramaribo";"en"
"SUR";"suriname";"en"
"SUR";"surinamese";"en"
"SVK";"slovakia";"en"
"SVK";"slovak*";"en"
"SVK";"bratislava";"en"
"SVN";"slovenia";"en"
"SVN";"slovenian*";"en"
"SVN";"ljubljana";"en"
"SVN";"slovene*";"en"
"SWE";"swede*";"en"
"SWE";"stockholm";"en"
"SWE";"sweden";"en"
"SWE";"swedish";"en"
"SWZ";"mbabane";"en"
"SWZ";"swaziland";"en"
"SWZ";"lobamba";"en"
"SWZ";"swazi*";"en"
"SYC";"seychellois";"en"
"SYC";"seychelles";"en"
"SYC";"seychelloise";"en"
"SYR";"syria";"en"
"SYR";"damascus";"en"
"SYR";"syrian*";"en"
"TCD";"n'djamena";"en"
"TCD";"chadian*";"en"
"TCD";"chad";"en"
"TGO";"lome";"en"
"TGO";"lomé";"en"
"TGO";"togolese";"en"
"TGO";"togo";"en"
"THA";"thailand";"en"
"THA";"thai";"en"
"THA";"bangkok";"en"
"TJK";"tajiks*";"en"
"TJK";"tajikistan";"en"
"TJK";"dushanbe";"en"
"TKM";"ashhabad";"en"
"TKM";"turkmenistan";"en"
"TKM";"turkmen*";"en"
"TLS";"dili";"en"
"TLS";"east timorese";"en"
"TLS";"east timor";"en"
"TLS";"timor leste";"en"
"TON";"tonga";"en"
"TON";"tongan*";"en"
"TON";"nuku'alofa";"en"
"TTO";"trinidadian*";"en"
"TTO";"port of spain";"en"
"TTO";"tobagonian*";"en"
"TTO";"trinidad and tobago";"en"
"TTO";"trinidad";"en"
"TTO";"trinbagonian*";"en"
"TUN";"tunisia";"en"
"TUN";"tunis";"en"
"TUN";"tunisian*";"en"
"TUR";"istanbul";"en"
"TUR";"ankara";"en"
"TUR";"turk*";"en"
"TUR";"turkey";"en"
"TUV";"tuvalu";"en"
"TUV";"tuvaluan*";"en"
"TUV";"funafuti";"en"
"TWN";"taiwanese";"en"
"TWN";"taipei";"en"
"TWN";"taiwan";"en"
"TZA";"dodoma";"en"
"TZA";"tanzania";"en"
"TZA";"tanzanian*";"en"
"TZA";"dar es salaam";"en"
"UGA";"ugandan*";"en"
"UGA";"kampala";"en"
"UGA";"uganda";"en"
"UKR";"ukrainian*";"en"
"UKR";"kiev";"en"
"UKR";"ukraine";"en"
"URY";"uruguay";"en"
"URY";"uruguayan*";"en"
"URY";"montevideo";"en"
"USA";"american*";"en"
"USA";"washington";"en"
"USA";"united states";"en"
"USA";"u_s";"en"
"UZB";"uzbek*";"en"
"UZB";"tashkent";"en"
"UZB";"uzbekistan";"en"
"VAT";"vatican";"en"
"VAT";"holy see";"en"
"VCT";"saint vincent and the grenadines";"en"
"VCT";"kingstown";"en"
"VCT";"vincentian*";"en"
"VCT";"st vincent and the grenadines";"en"
"VEN";"venezuela";"en"
"VEN";"caracas";"en"
"VEN";"venezuelan*";"en"
"VNM";"hanoi";"en"
"VNM";"vietnamese";"en"
"VNM";"viet nam";"en"
"VNM";"vietnam";"en"
"VNM";"ho chi minh city";"en"
"VUT";"vanuatu";"en"
"VUT";"vanuatuan*";"en"
"VUT";"port vila";"en"
"WSM";"samoa";"en"
"WSM";"samoan*";"en"
"WSM";"apia";"en"
"YEM";"sana'a";"en"
"YEM";"yemeni*";"en"
"YEM";"yemen";"en"
"ZAF";"south african*";"en"
"ZAF";"s african*";"en"
"ZAF";"sa";"en"
"ZAF";"pretoria";"en"
"ZAF";"cape town";"en"
"ZAF";"s african";"en"
"ZAF";"south africa";"en"
"ZAF";"johannesburg";"en"
"ZMB";"zambian*";"en"
"ZMB";"zambia";"en"
"ZMB";"lusaka";"en"
"ZWE";"zimbabwean*";"en"
"ZWE";"zimbabwe";"en"
"ZWE";"harare";"en"
"ABK";"abjasi**";"es"
"AFG";"afganistán";"es"
"AFG";"afgan*";"es"
"AFG";"kabul";"es"
"AGO";"angola";"es"
"AGO";"angolan*";"es"
"AGO";"angoleñ*";"es"
"AGO";"luanda";"es"
"ALB";"tirana";"es"
"ALB";"albania";"es"
"ALB";"alban*";"es"
"AND";"andorra";"es"
"AND";"andorran*";"es"
"AND";"andorra la vella";"es"
"AND";"andorra la vieja";"es"
"ARE";"emiratos árabes unidos";"es"
"ARE";"eau";"es"
"ARE";"dubái";"es"
"ARE";"emirat*";"es"
"ARE";"abu dabi";"es"
"ARG";"argentina";"es"
"ARG";"buenos aires";"es"
"ARG";"argentin*";"es"
"ARM";"armenia";"es"
"ARM";"ereván";"es"
"ARM";"armeni*";"es"
"ATG";"antiguan*";"es"
"ATG";"saint john's";"es"
"ATG";"antigua y barbuda";"es"
"AUS";"australia";"es"
"AUS";"canberra";"es"
"AUS";"melbourne";"es"
"AUS";"sídney";"es"
"AUS";"sidney";"es"
"AUS";"australian*";"es"
"AUT";"austria";"es"
"AUT";"viena";"es"
"AUT";"austriac*";"es"
"AUT";"austríac*";"es"
"AZE";"azerbaiyán";"es"
"AZE";"bakú";"es"
"AZE";"azerbaiyan*";"es"
"AZE";"azer*";"es"
"BDI";"burund*";"es"
"BDI";"buyumbura";"es"
"BDI";"burundi";"es"
"BEL";"bélgica";"es"
"BEL";"bruselas";"es"
"BEL";"belg*";"es"
"BEN";"porto novo";"es"
"BEN";"cotonú";"es"
"BEN";"benin*";"es"
"BEN";"benín";"es"
"BFA";"burkin*";"es"
"BFA";"uagadugú";"es"
"BFA";"burkina faso";"es"
"BGD";"bangladesh";"es"
"BGD";"bangladés";"es"
"BGD";"dacca";"es"
"BGD";"daca";"es"
"BGD";"bengal*";"es"
"BGD";"banglades*";"es"
"BGR";"bulgaria";"es"
"BGR";"búlgar*";"es"
"BHR";"baréin";"es"
"BHR";"bahréin";"es"
"BHR";"manama";"es"
"BHR";"barein*";"es"
"BHS";"baham*";"es"
"BHS";"bahamas";"es"
"BHS";"nasáu";"es"
"BHS";"bahameñ*";"es"
"BHS";"nassau";"es"
"BIH";"sarajevo";"es"
"BIH";"bosnia y herzegovina";"es"
"BIH";"bosnia";"es"
"BIH";"bosni*";"es"
"BLR";"bielorrusia";"es"
"BLR";"minsk";"es"
"BLR";"bielorrus*";"es"
"BLZ";"belice";"es"
"BLZ";"belmopan";"es"
"BLZ";"belmopán";"es"
"BLZ";"beliceñ*";"es"
"BOL";"sucre";"es"
"BOL";"bolivian*";"es"
"BOL";"bolivia";"es"
"BRA";"brasilia";"es"
"BRA";"rio de janeiro";"es"
"BRA";"brasileñ*";"es"
"BRA";"brasil";"es"
"BRA";"brasiler*";"es"
"BRB";"barbados";"es"
"BRB";"barbandens*";"es"
"BRB";"bridgetown";"es"
"BRN";"brunei";"es"
"BRN";"brunéi";"es"
"BRN";"brunean*";"es"
"BRN";"bandar seri begawan";"es"
"BTN";"thimbu";"es"
"BTN";"timbu";"es"
"BTN";"butan*";"es"
"BTN";"bután";"es"
"BWA";"botsuan*";"es"
"BWA";"gaborone";"es"
"BWA";"botswan*";"es"
"BWA";"botswana";"es"
"BWA";"botsuana";"es"
"CAF";"bangui";"es"
"CAF";"centroafrican*";"es"
"CAF";"república centroafricana";"es"
"CAN";"ottawa";"es"
"CAN";"toronto";"es"
"CAN";"quebec";"es"
"CAN";"canadá";"es"
"CAN";"canadiense*";"es"
"CHE";"suiza";"es"
"CHE";"berna";"es"
"CHE";"ginebra";"es"
"CHE";"zúrich";"es"
"CHE";"suiz*";"es"
"CHL";"chile";"es"
"CHL";"santiago de chile";"es"
"CHL";"chilen*";"es"
"CHN";"china";"es"
"CHN";"pekín";"es"
"CHN";"shanghái";"es"
"CHN";"chin*";"es"
"CIV";"abiyán";"es"
"CIV";"marfileñ*";"es"
"CIV";"yamusukro";"es"
"CIV";"costa de marfil";"es"
"CMR";"yaundé";"es"
"CMR";"camerun*";"es"
"CMR";"camerún";"es"
"COD";"zaireñ*";"es"
"COD";"kinsasa";"es"
"COD";"kinshasa";"es"
"COD";"república democrática del congo";"es"
"COD";"congole*";"es"
"COG";"república del congo";"es"
"COG";"brazzaville";"es"
"COG";"congoleñ*";"es"
"COG";"congol*";"es"
"COG";"república de congo";"es"
"COL";"colombian*";"es"
"COL";"bogotá";"es"
"COL";"colombia";"es"
"COM";"moroni";"es"
"COM";"comoran*";"es"
"COM";"comoras";"es"
"COM";"comoren*";"es"
"CPV";"cabo verde";"es"
"CPV";"caboverdian*";"es"
"CPV";"praia";"es"
"CRI";"costarricens*";"es"
"CRI";"costa rica";"es"
"CUB";"cuba";"es"
"CUB";"cuban*";"es"
"CUB";"la habana";"es"
"CYN";"república turca del norte de chipre";"es"
"CYN";"república turca  de chipre";"es"
"CYN";"chipre del norte";"es"
"CYP";"chipre";"es"
"CYP";"nicosia";"es"
"CYP";"chipriot*";"es"
"CYP";"grecochipriot*";"es"
"CYP";"turcochipriot*";"es"
"CZE";"chequia";"es"
"CZE";"praga";"es"
"CZE";"chec*";"es"
"CZE";"república checa";"es"
"DEU";"alemania";"es"
"DEU";"berlín";"es"
"DEU";"alemán";"es"
"DEU";"aleman*";"es"
"DEU";"german*";"es"
"DEU";"teut*";"es"
"DJI";"yibuti*";"es"
"DJI";"yibuti";"es"
"DJI";"djibouti";"es"
"DMA";"roseau";"es"
"DMA";"dominiqu*";"es"
"DMA";"dominica";"es"
"DNK";"dinamarca";"es"
"DNK";"dinamarqu*";"es"
"DNK";"copenhague";"es"
"DNK";"danés";"es"
"DNK";"danes*";"es"
"DOM";"santo domingo";"es"
"DOM";"dominican*";"es"
"DOM";"república dominicana";"es"
"DZA";"argel";"es"
"DZA";"argelia";"es"
"DZA";"argelin*";"es"
"ECU";"quito";"es"
"ECU";"ecuador";"es"
"ECU";"ecuatorian*";"es"
"EGY";"egipto";"es"
"EGY";"el cairo";"es"
"EGY";"egipci*";"es"
"EGY";"cairo";"es"
"ERI";"eritre*";"es"
"ERI";"asmara";"es"
"ERI";"eritrea";"es"
"ESH";"el aaiún";"es"
"ESH";"sáhara occidental";"es"
"ESH";"saharui*";"es"
"ESP";"español*";"es"
"ESP";"españa";"es"
"ESP";"madrid";"es"
"EST";"estonian*";"es"
"EST";"estonia";"es"
"EST";"tallin";"es"
"EST";"estoni*";"es"
"ETH";"adís abeba";"es"
"ETH";"addis";"es"
"ETH";"etiopía";"es"
"ETH";"etíop*";"es"
"FIN";"finlandes*";"es"
"FIN";"finlandia";"es"
"FIN";"helsinki";"es"
"FIN";"finlandés";"es"
"FJI";"fiji";"es"
"FJI";"fiyi";"es"
"FJI";"suva";"es"
"FJI";"fiyian*";"es"
"FRA";"francia";"es"
"FRA";"parís";"es"
"FRA";"francés";"es"
"FRA";"frances";"es"
"FRA";"francesa";"es"
"FSM";"estados federados de micronesia";"es"
"FSM";"micronesia";"es"
"FSM";"palikir";"es"
"FSM";"micronesi*";"es"
"GAB";"gabón";"es"
"GAB";"libreville";"es"
"GAB";"gabon*";"es"
"GBR";"inglaterra";"es"
"GBR";"reino unido";"es"
"GBR";"gran bretaña";"es"
"GBR";"norirland*";"es"
"GBR";"londres";"es"
"GBR";"británic*";"es"
"GBR";"ingleses*";"es"
"GEO";"georgia";"es"
"GEO";"georgian*";"es"
"GEO";"tiflis";"es"
"GHA";"accra";"es"
"GHA";"ghanes*";"es"
"GHA";"ghana";"es"
"GHA";"ghanés";"es"
"GIN";"conakry";"es"
"GIN";"conakri";"es"
"GIN";"guinea";"es"
"GIN";"guinea-conakri";"es"
"GIN";"guinean*";"es"
"GMB";"gambia";"es"
"GMB";"gambian*";"es"
"GMB";"banjul";"es"
"GMB";"gambiens*";"es"
"GNB";"bisau";"es"
"GNB";"guinea-bisáu";"es"
"GNB";"bisauguineano";"es"
"GNB";"bissau";"es"
"GNB";"guinea-bissau";"es"
"GNB";"guinean*";"es"
"GNB";"guinea bissau";"es"
"GNQ";"ecuatoguinean*";"es"
"GNQ";"guinea ecuatorial";"es"
"GNQ";"malabo";"es"
"GRC";"grecia";"es"
"GRC";"atenas";"es"
"GRC";"grieg*";"es"
"GRD";"saint george's";"es"
"GTM";"guatemaltec*";"es"
"GTM";"ciudad de guatemala";"es"
"GTM";"guatemala";"es"
"GTM";"guatemalens*";"es"
"GUY";"guyana";"es"
"GUY";"guyanés";"es"
"GUY";"guyan*";"es"
"HND";"hondureñ*";"es"
"HND";"tegucigalpa";"es"
"HND";"honduras";"es"
"HRV";"zagreb";"es"
"HRV";"croacia";"es"
"HRV";"croat*";"es"
"HTI";"haitian*";"es"
"HTI";"puerto príncipe";"es"
"HTI";"haití";"es"
"HUN";"hungría";"es"
"HUN";"húngar*";"es"
"HUN";"budapest";"es"
"IDN";"indonesia";"es"
"IDN";"yakarta";"es"
"IDN";"indonesi*";"es"
"IND";"india";"es"
"IND";"bombay";"es"
"IND";"mumbai";"es"
"IND";"nueva delhi";"es"
"IND";"indio*";"es"
"IND";"india*";"es"
"IRL";"eire";"es"
"IRL";"irlanda";"es"
"IRL";"dublín";"es"
"IRL";"irlandés";"es"
"IRL";"irlandes*";"es"
"IRN";"irán";"es"
"IRN";"teherán";"es"
"IRN";"iraní*";"es"
"IRQ";"iraqu*";"es"
"IRQ";"bagdad";"es"
"IRQ";"iraq";"es"
"IRQ";"irak";"es"
"ISL";"reykjavik";"es"
"ISL";"islandés";"es"
"ISL";"islandia";"es"
"ISL";"islandes*";"es"
"ISR";"israel*";"es"
"ISR";"jerusalén";"es"
"ISR";"tel aviv";"es"
"ISR";"israel";"es"
"ITA";"italian*";"es"
"ITA";"italia";"es"
"ITA";"roma";"es"
"JAM";"jamaiquin*";"es"
"JAM";"kingston";"es"
"JAM";"jamaica";"es"
"JAM";"jamaican*";"es"
"JOR";"jordan*";"es"
"JOR";"jordania";"es"
"JOR";"amán";"es"
"JPN";"japón";"es"
"JPN";"nipon*";"es"
"JPN";"osaka";"es"
"JPN";"japonés";"es"
"JPN";"tokio";"es"
"JPN";"nipón";"es"
"JPN";"japones*";"es"
"KAZ";"kazajistán";"es"
"KAZ";"astana";"es"
"KAZ";"kazaj*";"es"
"KAZ";"astaná";"es"
"KEN";"kenia";"es"
"KEN";"nairobi";"es"
"KEN";"kenian*";"es"
"KEN";"keniat*";"es"
"KGZ";"kirguizistán";"es"
"KGZ";"kirguís";"es"
"KGZ";"bishkek";"es"
"KGZ";"kirguiz*";"es"
"KHM";"camboyan*";"es"
"KHM";"camboya";"es"
"KHM";"phnom pehn";"es"
"KHM";"nom pen";"es"
"KIR";"kiribati";"es"
"KIR";"tarawa";"es"
"KIR";"kiribatens*";"es"
"KIR";"kiribatian*";"es"
"KOR";"surcorean*";"es"
"KOR";"seúl";"es"
"KOR";"corea del sur";"es"
"KOS";"kosovo";"es"
"KWT";"kuwait";"es"
"KWT";"kuwait*";"es"
"LAO";"vientiane";"es"
"LAO";"vientián";"es"
"LAO";"laosian*";"es"
"LAO";"laos";"es"
"LBN";"beirut";"es"
"LBN";"liban*";"es"
"LBN";"líbano";"es"
"LBR";"liberian*";"es"
"LBR";"liberia";"es"
"LBR";"monrovia";"es"
"LBY";"trípoli";"es"
"LBY";"libia*";"es"
"LBY";"libia";"es"
"LBY";"libio*";"es"
"LCA";"santalucens*";"es"
"LCA";"santa lucía";"es"
"LCA";"castries";"es"
"LIE";"liechtenstein";"es"
"LIE";"vaduz";"es"
"LIE";"liechtensteinian*";"es"
"LIE";"liechtentiens*";"es"
"LKA";"ceiland*";"es"
"LKA";"kotte";"es"
"LKA";"colombo";"es"
"LKA";"ceilan*";"es"
"LKA";"esrilanqu*";"es"
"LKA";"sri jayawardenepura";"es"
"LKA";"sri lanka";"es"
"LSO";"lesoto";"es"
"LSO";"lesotens*";"es"
"LSO";"maseru";"es"
"LTU";"vilnius";"es"
"LTU";"lituania";"es"
"LTU";"vilna";"es"
"LTU";"lituan*";"es"
"LUX";"luxemburgo";"es"
"LUX";"luxemburgu*";"es"
"LVA";"letón";"es"
"LVA";"leton*";"es"
"LVA";"letonia";"es"
"LVA";"riga";"es"
"MAR";"marroqu*";"es"
"MAR";"rabat";"es"
"MAR";"marruecos";"es"
"MCO";"mónaco";"es"
"MCO";"monegasc*";"es"
"MDA";"moldavia";"es"
"MDA";"chisinau";"es"
"MDA";"moldav*";"es"
"MDG";"antananarivo";"es"
"MDG";"madagascar";"es"
"MDG";"malgach*";"es"
"MDV";"maldiv*";"es"
"MDV";"malé";"es"
"MDV";"maldivas";"es"
"MEX";"distrito federal";"es"
"MEX";"mejican*";"es"
"MEX";"méjico";"es"
"MEX";"ciudad de méxico";"es"
"MEX";"méxico df";"es"
"MEX";"méxico";"es"
"MEX";"mexican*";"es"
"MHL";"islas marshall";"es"
"MHL";"majuro";"es"
"MHL";"marshalés";"es"
"MHL";"marshales*";"es"
"MKD";"macedonia";"es"
"MKD";"skopje";"es"
"MKD";"skopie";"es"
"MKD";"macedoni*";"es"
"MLI";"malí";"es"
"MLI";"maliens*";"es"
"MLI";"malíes";"es"
"MLI";"bamako";"es"
"MLI";"malí";"es"
"MLT";"malta";"es"
"MLT";"la valletta";"es"
"MLT";"la valeta";"es"
"MLT";"maltés";"es"
"MLT";"maltes*";"es"
"MMR";"birmania";"es"
"MMR";"yangón";"es"
"MMR";"naipyidó";"es"
"MMR";"myanmar";"es"
"MMR";"birman*";"es"
"MNE";"montenegro";"es"
"MNE";"podgorica";"es"
"MNE";"montenigrin*";"es"
"MNG";"mongol*";"es"
"MNG";"mongolia";"es"
"MNG";"ulán bator";"es"
"MOZ";"maputo";"es"
"MOZ";"mozambiqueñ*";"es"
"MOZ";"mozambique";"es"
"MRT";"nuakchot";"es"
"MRT";"mauritan*";"es"
"MRT";"mauritania";"es"
"MUS";"mauricio";"es"
"MUS";"maurician*";"es"
"MUS";"port louis";"es"
"MWI";"lilongüe";"es"
"MWI";"lilongwe";"es"
"MWI";"malaui";"es"
"MWI";"malau*";"es"
"MWI";"malawi";"es"
"MYS";"malay*";"es"
"MYS";"malasi*";"es"
"MYS";"kuala lumpur";"es"
"MYS";"malasia";"es"
"MYS";"putrajaya";"es"
"NAM";"namibia";"es"
"NAM";"namibi*";"es"
"NAM";"windhoek";"es"
"NER";"niger";"es"
"NER";"níger";"es"
"NER";"niamey";"es"
"NER";"nigerin*";"es"
"NGA";"abuya";"es"
"NGA";"abuja";"es"
"NGA";"nigeria";"es"
"NGA";"nigerian*";"es"
"NIC";"nicaragua";"es"
"NIC";"managua";"es"
"NIC";"nicaragüens*";"es"
"NLD";"holanda";"es"
"NLD";"países bajos";"es"
"NLD";"ámsterdam";"es"
"NLD";"la haya";"es"
"NLD";"amsterdam";"es"
"NLD";"holand*";"es"
"NLD";"neerland*";"es"
"NOR";"noruega";"es"
"NOR";"oslo";"es"
"NOR";"norueg*";"es"
"NPL";"nepal*";"es"
"NPL";"nepal";"es"
"NPL";"katmandú";"es"
"NRU";"nauru";"es"
"NRU";"yaren";"es"
"NRU";"nauruan*";"es"
"NZL";"nueva zelandia";"es"
"NZL";"nueva zelanda";"es"
"NZL";"wellington";"es"
"NZL";"auckland";"es"
"NZL";"neozeland*";"es"
"OMN";"omán";"es"
"OMN";"mascate";"es"
"OMN";"oman*";"es"
"OMN";"mascat";"es"
"OSA";"osetia del sur";"es"
"PAK";"pakistan*";"es"
"PAK";"paquistán";"es"
"PAK";"islamabad";"es"
"PAK";"paquistan*";"es"
"PAK";"pakistán";"es"
"PAN";"ciudad de panamá";"es"
"PAN";"panameñ*";"es"
"PAN";"panamá";"es"
"PER";"lima";"es"
"PER";"peruan*";"es"
"PER";"perú";"es"
"PHL";"manila";"es"
"PHL";"filipin*";"es"
"PHL";"filipinas";"es"
"PLW";"palaos";"es"
"PLW";"melekeok";"es"
"PLW";"palauan*";"es"
"PNG";"papúa nueva guinea";"es"
"PNG";"port moresby";"es"
"PNG";"papú*";"es"
"POL";"polac*";"es"
"POL";"polonia";"es"
"POL";"varsovia";"es"
"PRK";"pionyang";"es"
"PRK";"pyongyang";"es"
"PRK";"corea del norte";"es"
"PRK";"norcorean*";"es"
"PRT";"portugal";"es"
"PRT";"lisboa";"es"
"PRT";"portugu*";"es"
"PRY";"paraguay";"es"
"PRY";"asunción";"es"
"PRY";"paraguay*";"es"
"PSE";"palestina";"es"
"PSE";"gaza";"es"
"PSE";"cisjordania";"es"
"PSE";"ciudad de gaza";"es"
"PSE";"territorios palestinos";"es"
"PSE";"palestin*";"es"
"QAT";"catar";"es"
"QAT";"doha";"es"
"QAT";"qatar*";"es"
"QAT";"catar*";"es"
"QAT";"qatar";"es"
"ROU";"bucarest";"es"
"ROU";"ruman*";"es"
"ROU";"rumania";"es"
"RUS";"rusia";"es"
"RUS";"moscú";"es"
"RUS";"rus*";"es"
"RWA";"ruanda";"es"
"RWA";"ruand*";"es"
"RWA";"kigali";"es"
"SAU";"riad";"es"
"SAU";"saudit*";"es"
"SAU";"saudí*";"es"
"SAU";"arabia saudita";"es"
"SDN";"jartum";"es"
"SDN";"sudanés";"es"
"SDN";"sudanese*";"es"
"SDN";"sudanesa*";"es"
"SDN";"sudán";"es"
"SDS";"sudan del sur";"es"
"SEN";"senegal";"es"
"SEN";"senegal*";"es"
"SEN";"dakar";"es"
"SGP";"singapur";"es"
"SGP";"singapurens*";"es"
"SLB";"islas salomón";"es"
"SLB";"honiara";"es"
"SLB";"salomonens*";"es"
"SLE";"sierraleon*";"es"
"SLE";"sierra leona";"es"
"SLE";"freetown";"es"
"SLV";"el salvador";"es"
"SLV";"san salvador";"es"
"SLV";"salvadoreñ*";"es"
"SMR";"san marino";"es"
"SMR";"ciudad de san marino";"es"
"SMR";"sanmarinense";"es"
"SOM";"somal*";"es"
"SOM";"somalia";"es"
"SOM";"mogadiscio";"es"
"SRB";"serbia";"es"
"SRB";"belgrado";"es"
"SRB";"serbi*";"es"
"STP";"santo tomé y príncipe";"es"
"STP";"santotomense";"es"
"STP";"santo tomé";"es"
"STP";"são tomé";"es"
"SUR";"surinam";"es"
"SUR";"paramaribo";"es"
"SUR";"surinam*";"es"
"SVK";"eslovaquia";"es"
"SVK";"bratislava";"es"
"SVK";"eslovac*";"es"
"SVN";"eslovenia";"es"
"SVN";"liubliana";"es"
"SVN";"esloven*";"es"
"SWE";"estocolmo";"es"
"SWE";"suecia";"es"
"SWE";"suec*";"es"
"SWZ";"mbabane";"es"
"SWZ";"lobamba";"es"
"SWZ";"suazilandia";"es"
"SWZ";"suazi";"es"
"SYC";"seychelens*";"es"
"SYC";"seychelles";"es"
"SYC";"seychellens*";"es"
"SYR";"siria";"es"
"SYR";"damasco";"es"
"SYR";"sirio";"es"
"SYR";"siria";"es"
"TCD";"yamena";"es"
"TCD";"n'djamena";"es"
"TCD";"chad";"es"
"TCD";"chadian*";"es"
"TGO";"lomé";"es"
"TGO";"togol*";"es"
"TGO";"togo";"es"
"THA";"tailand*";"es"
"THA";"bangkok";"es"
"THA";"tailandia";"es"
"TJK";"tayikistán";"es"
"TJK";"dushanbe";"es"
"TJK";"dusambé";"es"
"TJK";"tayik*";"es"
"TKM";"turkmenistán";"es"
"TKM";"ashgabat";"es"
"TKM";"asjabad";"es"
"TKM";"turcoman*";"es"
"TKM";"turkmen*";"es"
"TLS";"timorens*";"es"
"TLS";"timor oriental";"es"
"TLS";"dili";"es"
"TON";"tonga";"es"
"TON";"nukualofa";"es"
"TON";"nuku'alofa";"es"
"TON";"tongan*";"es"
"TTO";"trinidad y tobago";"es"
"TTO";"puerto de españa";"es"
"TTO";"trinitari*";"es"
"TTO";"trinitens*";"es"
"TUN";"tunecin*";"es"
"TUN";"túnez";"es"
"TUR";"estambul";"es"
"TUR";"turc*";"es"
"TUR";"ankara";"es"
"TUR";"turquía";"es"
"TUV";"tuvalu";"es"
"TUV";"funafuti";"es"
"TUV";"tuvaluan*";"es"
"TWN";"taiwan";"es"
"TWN";"taipei";"es"
"TWN";"taiwan*";"es"
"TWN";"taiwán";"es"
"TZA";"zanbíbar";"es"
"TZA";"dar es-salam";"es"
"TZA";"tanzania";"es"
"TZA";"dodoma";"es"
"TZA";"tanzan*";"es"
"UGA";"ugand*";"es"
"UGA";"uganda";"es"
"UGA";"kampala";"es"
"UKR";"kiev";"es"
"UKR";"ucranian*";"es"
"UKR";"ucrania";"es"
"URY";"montevideo";"es"
"URY";"uruguay*";"es"
"URY";"uruguay";"es"
"USA";"washington";"es"
"USA";"eeuu";"es"
"USA";"estados unidos";"es"
"USA";"estadunidens*";"es"
"USA";"estadounidens*";"es"
"UZB";"uzbekistán";"es"
"UZB";"tashkent";"es"
"UZB";"uzbek*";"es"
"UZB";"taskent";"es"
"VAT";"santa sede";"es"
"VAT";"vaticano";"es"
"VAT";"vatican*";"es"
"VCT";"san vicente y las granadinas";"es"
"VCT";"sanvicentin*";"es"
"VCT";"kingstown";"es"
"VEN";"venezolan*";"es"
"VEN";"caracas";"es"
"VEN";"venezuela";"es"
"VNM";"vietnam";"es"
"VNM";"hanói";"es"
"VNM";"ho chi minh";"es"
"VNM";"vietnamit*";"es"
"VNM";"hanoi";"es"
"VUT";"vanuatu";"es"
"VUT";"port vila";"es"
"VUT";"vanuatuens*";"es"
"WSM";"samoa";"es"
"WSM";"samoa occidental";"es"
"WSM";"apia";"es"
"WSM";"samoan*";"es"
"YEM";"yemen";"es"
"YEM";"yemenit*";"es"
"YEM";"saná";"es"
"YEM";"sanaa";"es"
"ZAF";"johannesburgo";"es"
"ZAF";"ciudad del cabo";"es"
"ZAF";"sudáfrica";"es"
"ZAF";"sudafrican*";"es"
"ZAF";"pretoria";"es"
"ZMB";"lusaka";"es"
"ZMB";"zambian*";"es"
"ZMB";"zambia";"es"
"ZWE";"zimbabue";"es"
"ZWE";"harare";"es"
"ZWE";"zimbabwe";"es"
"ZWE";"zimbabu*";"es"
"ABK";"abkhaz*";"fr"
"AFG";"afghan*";"fr"
"AFG";"kaboul";"fr"
"AFG";"afghanistan";"fr"
"AGO";"angola";"fr"
"AGO";"angolais*";"fr"
"AGO";"luanda";"fr"
"ALB";"albanie";"fr"
"ALB";"tirana";"fr"
"ALB";"albanais*";"fr"
"AND";"andorre";"fr"
"AND";"andorran*";"fr"
"ARE";"émirats arabes unis";"fr"
"ARE";"emirats arabes unis";"fr"
"ARE";"éau";"fr"
"ARE";"abou dabi";"fr"
"ARE";"dubai";"fr"
"ARE";"dubaï";"fr"
"ARE";"émirati*";"fr"
"ARE";"émirien*";"fr"
"ARE";"abu dhabi";"fr"
"ARG";"argentine";"fr"
"ARG";"argentin*";"fr"
"ARG";"buenos aires";"fr"
"ARM";"arménie";"fr"
"ARM";"erevan";"fr"
"ARM";"arménien*";"fr"
"ATG";"antigua et barbuda";"fr"
"ATG";"antiguayen*";"fr"
"ATG";"barbudéen*";"fr"
"AUS";"australie";"fr"
"AUS";"australien*";"fr"
"AUS";"canberra";"fr"
"AUS";"sydney";"fr"
"AUT";"autriche";"fr"
"AUT";"autrichien*";"fr"
"AUT";"vienne";"fr"
"AZE";"azéri*";"fr"
"AZE";"azerbaïdjanais*";"fr"
"AZE";"bakou";"fr"
"AZE";"azerbaïdjan";"fr"
"BDI";"burundais*";"fr"
"BDI";"bujumbura";"fr"
"BDI";"burundi";"fr"
"BEL";"belgique";"fr"
"BEL";"belge*";"fr"
"BEL";"bruxelles";"fr"
"BEN";"benin";"fr"
"BEN";"beninois*";"fr"
"BEN";"porto novo";"fr"
"BFA";"ouagadougou";"fr"
"BFA";"burkina faso";"fr"
"BFA";"burkinabe*";"fr"
"BGD";"bengali*";"fr"
"BGD";"dacca";"fr"
"BGD";"dhaka";"fr"
"BGD";"bangladesh";"fr"
"BGD";"bangladais*";"fr"
"BGR";"bulgarie";"fr"
"BGR";"bulgare*";"fr"
"BGR";"sofia";"fr"
"BHR";"bahrain";"fr"
"BHR";"bahreïnien*";"fr"
"BHR";"manama";"fr"
"BHR";"bahreïn";"fr"
"BHS";"nassau";"fr"
"BHS";"bahamas";"fr"
"BHS";"bahaméen*";"fr"
"BIH";"bosnie";"fr"
"BIH";"sarajevo";"fr"
"BIH";"bosniaque*";"fr"
"BIH";"herzegovine";"fr"
"BIH";"bonsie-herzégovine";"fr"
"BLR";"biélorussie";"fr"
"BLR";"belarus";"fr"
"BLR";"biélorusse*";"fr"
"BLR";"minsk";"fr"
"BLZ";"bélizien*";"fr"
"BLZ";"belize";"fr"
"BLZ";"belmopan";"fr"
"BOL";"bolivien*";"fr"
"BOL";"sucre";"fr"
"BOL";"la paz";"fr"
"BOL";"bolivie";"fr"
"BRA";"brésilien*";"fr"
"BRA";"rio";"fr"
"BRA";"sao paulo";"fr"
"BRA";"brésil";"fr"
"BRA";"brasilia";"fr"
"BRB";"barbade";"fr"
"BRB";"bridgetown";"fr"
"BRB";"barbadien*";"fr"
"BRN";"brunéien*";"fr"
"BRN";"brunei";"fr"
"BTN";"thimphu";"fr"
"BTN";"bhoutanais*";"fr"
"BTN";"thimphou";"fr"
"BTN";"bhoutan";"fr"
"BWA";"botswana";"fr"
"BWA";"botswanais*";"fr"
"BWA";"gaborone";"fr"
"CAF";"centrafricain*";"fr"
"CAF";"bangui";"fr"
"CAF";"centrafrique";"fr"
"CAF";"république centrafricaine";"fr"
"CAN";"canadien*";"fr"
"CAN";"canada";"fr"
"CAN";"quebec";"fr"
"CAN";"québec";"fr"
"CAN";"ottawa";"fr"
"CAN";"toronto";"fr"
"CHE";"suisse";"fr"
"CHE";"suisse*";"fr"
"CHE";"helvétique";"fr"
"CHE";"helvète*";"fr"
"CHE";"zurich";"fr"
"CHE";"berne";"fr"
"CHL";"chilien*";"fr"
"CHL";"santiago du chili";"fr"
"CHL";"chili";"fr"
"CHN";"pékin";"fr"
"CHN";"chine";"fr"
"CHN";"changhaï";"fr"
"CHN";"shanghai";"fr"
"CHN";"shanghaï";"fr"
"CHN";"chinois*";"fr"
"CIV";"yamoussoukro";"fr"
"CIV";"côte d'ivoire";"fr"
"CIV";"abidjan";"fr"
"CIV";"ivoirien*";"fr"
"CMR";"yaoundé";"fr"
"CMR";"cameroun";"fr"
"CMR";"camerounais*";"fr"
"CMR";"yaounde";"fr"
"COD";"rdc";"fr"
"COD";"république démocratique du congo";"fr"
"COD";"rd congo";"fr"
"COD";"kinshasa";"fr"
"COD";"congo rd";"fr"
"COG";"brazzaville";"fr"
"COG";"congo-brazzaville";"fr"
"COG";"république du congo";"fr"
"COG";"congolais*";"fr"
"COL";"colombie";"fr"
"COL";"bogota";"fr"
"COL";"colombien*";"fr"
"COM";"moroni";"fr"
"COM";"comorien*";"fr"
"COM";"comores";"fr"
"CPV";"praia";"fr"
"CPV";"cap-verdien*";"fr"
"CPV";"cap-vert";"fr"
"CRI";"ticos";"fr"
"CRI";"costaricain*";"fr"
"CRI";"costaricien*";"fr"
"CRI";"san jose";"fr"
"CRI";"costa rica";"fr"
"CUB";"cuba";"fr"
"CUB";"cubain*";"fr"
"CUB";"la havane";"fr"
"CYN";"chypre du nord";"fr"
"CYN";"république turque de chypre";"fr"
"CYP";"chypriot*";"fr"
"CYP";"chypre";"fr"
"CYP";"nicosie";"fr"
"CZE";"république tchèque";"fr"
"CZE";"république tchèque";"fr"
"CZE";"tchèque*";"fr"
"CZE";"prague";"fr"
"CZE";"tchéquie";"fr"
"DEU";"allemagne";"fr"
"DEU";"allemand*";"fr"
"DEU";"berlin";"fr"
"DJI";"djiboutien*";"fr"
"DJI";"djibouti";"fr"
"DMA";"commonwealth dominicain*";"fr"
"DMA";"commonwealth de dominica";"fr"
"DMA";"roseau";"fr"
"DNK";"danemark";"fr"
"DNK";"danois*";"fr"
"DNK";"copenhague";"fr"
"DOM";"république dominicaine";"fr"
"DOM";"saint-domingue";"fr"
"DOM";"dominicain*";"fr"
"DOM";"santo domingo";"fr"
"DZA";"algerie";"fr"
"DZA";"algerien*";"fr"
"DZA";"alger";"fr"
"ECU";"équatorien*";"fr"
"ECU";"equateur";"fr"
"ECU";"équateur";"fr"
"ECU";"equatorien*";"fr"
"ECU";"quito";"fr"
"EGY";"egyptien*";"fr"
"EGY";"égypte";"fr"
"EGY";"egypte";"fr"
"EGY";"égyptien*";"fr"
"EGY";"caire";"fr"
"EGY";"le caire";"fr"
"ERI";"erithréen*";"fr"
"ERI";"erithrée";"fr"
"ERI";"asmara";"fr"
"ESH";"ayoun";"fr"
"ESH";"sarahoui*";"fr"
"ESH";"laâyoune";"fr"
"ESH";"el ayoun";"fr"
"ESH";"sahara occidental";"fr"
"ESH";"sahara occidental";"fr"
"ESP";"espagne";"fr"
"ESP";"espagnol*";"fr"
"ESP";"madrid";"fr"
"EST";"estonie";"fr"
"EST";"estonien*";"fr"
"EST";"tallinn";"fr"
"ETH";"ethiopie";"fr"
"ETH";"ethiopien*";"fr"
"ETH";"addis ababa";"fr"
"FIN";"finlandais";"fr"
"FIN";"finlande";"fr"
"FIN";"finnois*";"fr"
"FIN";"helsinki";"fr"
"FJI";"fidji";"fr"
"FJI";"fidjien*";"fr"
"FRA";"france";"fr"
"FRA";"français*";"fr"
"FRA";"paris";"fr"
"FSM";"micronesie";"fr"
"FSM";"micronesien*";"fr"
"FSM";"palikir";"fr"
"GAB";"gabonais*";"fr"
"GAB";"gabon";"fr"
"GAB";"libreville";"fr"
"GBR";"britannique*";"fr"
"GBR";"royaume-uni";"fr"
"GBR";"grande-bretagne";"fr"
"GBR";"londres";"fr"
"GBR";"anglais*";"fr"
"GEO";"georgien*";"fr"
"GEO";"tbilisi";"fr"
"GEO";"georgie";"fr"
"GEO";"tbilissi";"fr"
"GHA";"ghanéen*";"fr"
"GHA";"accra";"fr"
"GHA";"ghana";"fr"
"GIN";"conakry";"fr"
"GIN";"guinée";"fr"
"GIN";"guinéen*";"fr"
"GMB";"gambie";"fr"
"GMB";"gambien*";"fr"
"GMB";"banjul";"fr"
"GNB";"bissaoguinéen*";"fr"
"GNB";"guinée-bissau";"fr"
"GNB";"bissau";"fr"
"GNQ";"équato-guinéen*";"fr"
"GNQ";"équato-guinéen*";"fr"
"GNQ";"équatoguinéen*";"fr"
"GNQ";"guinée équatoriale";"fr"
"GNQ";"guinée-équatoriale";"fr"
"GNQ";"malabo";"fr"
"GNQ";"équato-guinéen*";"fr"
"GRC";"grec";"fr"
"GRC";"grèce";"fr"
"GRC";"grecs";"fr"
"GRC";"grecque*";"fr"
"GRC";"athènes";"fr"
"GRD";"grenada";"fr"
"GRD";"st george's";"fr"
"GRD";"grenadien*";"fr"
"GRD";"saint george's";"fr"
"GTM";"guatémaltèque*";"fr"
"GTM";"guatemala city";"fr"
"GTM";"guatemala";"fr"
"GUY";"georgetown";"fr"
"GUY";"guyanien*";"fr"
"GUY";"guyana";"fr"
"HND";"tegucigalpa";"fr"
"HND";"hondurien*";"fr"
"HND";"honduras";"fr"
"HRV";"croatie";"fr"
"HRV";"croate*";"fr"
"HRV";"zagreb";"fr"
"HTI";"port au prince";"fr"
"HTI";"port-au-prince";"fr"
"HTI";"haïtien*";"fr"
"HTI";"haiti";"fr"
"HTI";"haïti";"fr"
"HUN";"hongrois*";"fr"
"HUN";"budapest";"fr"
"HUN";"hongrie";"fr"
"IDN";"indonesie";"fr"
"IDN";"indonesien*";"fr"
"IDN";"jakarta";"fr"
"IDN";"djakarta";"fr"
"IND";"new delhi";"fr"
"IND";"indien*";"fr"
"IND";"mumbai";"fr"
"IND";"bombay";"fr"
"IND";"inde";"fr"
"IRL";"dublin";"fr"
"IRL";"irlande";"fr"
"IRL";"irlandais*";"fr"
"IRN";"iran";"fr"
"IRN";"téhéran";"fr"
"IRN";"iranien*";"fr"
"IRQ";"bagdad";"fr"
"IRQ";"irakien*";"fr"
"IRQ";"irak";"fr"
"ISL";"islande";"fr"
"ISL";"islandais*";"fr"
"ISL";"reykjavik";"fr"
"ISR";"israël";"fr"
"ISR";"jérusalem";"fr"
"ISR";"israel";"fr"
"ISR";"israélien*";"fr"
"ITA";"italie";"fr"
"ITA";"italien*";"fr"
"ITA";"rome";"fr"
"JAM";"jamaicain*";"fr"
"JAM";"jamaïcain*";"fr"
"JAM";"jamaïque";"fr"
"JAM";"kingston";"fr"
"JAM";"jamaique";"fr"
"JOR";"amman";"fr"
"JOR";"jordanien*";"fr"
"JOR";"jordanie";"fr"
"JPN";"japonais*";"fr"
"JPN";"japon";"fr"
"JPN";"tokyo";"fr"
"KAZ";"kazakhstan";"fr"
"KAZ";"astana";"fr"
"KAZ";"kazakh*";"fr"
"KEN";"kenya";"fr"
"KEN";"nairobi";"fr"
"KEN";"kenyan*";"fr"
"KGZ";"bishkek";"fr"
"KGZ";"kirghizistan";"fr"
"KGZ";"kirghiz*";"fr"
"KHM";"cambodge";"fr"
"KHM";"phnom penh";"fr"
"KHM";"cambodgien*";"fr"
"KIR";"kiribati";"fr"
"KIR";"kiribatien*";"fr"
"KIR";"tarawa";"fr"
"KOR";"corée du sud";"fr"
"KOR";"sud-coréen*";"fr"
"KOR";"séoul";"fr"
"KOR";"seoul";"fr"
"KOR";"république de corée";"fr"
"KOS";"kosovo";"fr"
"KOS";"kosovar*";"fr"
"KWT";"koweitien*";"fr"
"KWT";"koweïtien";"fr"
"KWT";"koweit";"fr"
"KWT";"koweït";"fr"
"KWT";"ville de koweit";"fr"
"LAO";"vientiane";"fr"
"LAO";"laotien*";"fr"
"LAO";"laos";"fr"
"LBN";"liban";"fr"
"LBN";"libanais*";"fr"
"LBN";"beyrouth";"fr"
"LBR";"monrovia";"fr"
"LBR";"liberia";"fr"
"LBR";"liberien*";"fr"
"LBY";"tripoli";"fr"
"LBY";"libye";"fr"
"LBY";"libyen*";"fr"
"LCA";"ste lucie";"fr"
"LCA";"saint-lucien*";"fr"
"LCA";"saint lucian*";"fr"
"LCA";"sainte-lucie";"fr"
"LCA";"sainte lucie";"fr"
"LIE";"liechtenstein";"fr"
"LIE";"liechtensteinois*";"fr"
"LIE";"vaduz";"fr"
"LKA";"sri lanka";"fr"
"LKA";"colombo";"fr"
"LKA";"sri lankais*";"fr"
"LSO";"maseru";"fr"
"LSO";"lesothien*";"fr"
"LSO";"lesothan*";"fr"
"LSO";"lésothan*";"fr"
"LSO";"lésothien*";"fr"
"LSO";"lesotho";"fr"
"LTU";"vilnius";"fr"
"LTU";"lithuanie";"fr"
"LTU";"lithuanien*";"fr"
"LUX";"luxembourg";"fr"
"LUX";"luxembourgeois*";"fr"
"LVA";"letton*";"fr"
"LVA";"riga";"fr"
"LVA";"lettonie";"fr"
"MAR";"maroc";"fr"
"MAR";"rabat";"fr"
"MAR";"morocain*";"fr"
"MCO";"monaco";"fr"
"MCO";"monégasque*";"fr"
"MDA";"chisinau";"fr"
"MDA";"moldave*";"fr"
"MDA";"moldavie";"fr"
"MDG";"malgache*";"fr"
"MDG";"madagascar";"fr"
"MDG";"tananarive";"fr"
"MDG";"antananarivo";"fr"
"MDV";"maldivien*";"fr"
"MDV";"maldives";"fr"
"MEX";"mexicain*";"fr"
"MEX";"mexico";"fr"
"MEX";"mexico city";"fr"
"MEX";"mexique";"fr"
"MHL";"îles marshall";"fr"
"MHL";"îles marshall";"fr"
"MHL";"marshallais*";"fr"
"MHL";"majuro";"fr"
"MKD";"macedoine";"fr"
"MKD";"macedonien*";"fr"
"MKD";"skopje";"fr"
"MLI";"mali";"fr"
"MLI";"malien*";"fr"
"MLI";"bamako";"fr"
"MLT";"malte";"fr"
"MLT";"maltais*";"fr"
"MLT";"valletta";"fr"
"MLT";"la valette";"fr"
"MMR";"rangoon";"fr"
"MMR";"myanmar";"fr"
"MMR";"yangon";"fr"
"MMR";"birmanie";"fr"
"MMR";"naypyidaw";"fr"
"MMR";"birman*";"fr"
"MNE";"montenegro";"fr"
"MNE";"podgorica";"fr"
"MNE";"montenegrin*";"fr"
"MNG";"oulan-bator";"fr"
"MNG";"mongol*";"fr"
"MNG";"ulan bator";"fr"
"MNG";"mongolie";"fr"
"MOZ";"mozambicain*";"fr"
"MOZ";"maputo";"fr"
"MOZ";"mozambique";"fr"
"MRT";"nouakchott";"fr"
"MRT";"mauritanie";"fr"
"MRT";"mauritanien*";"fr"
"MUS";"port-louis";"fr"
"MUS";"mauricien*";"fr"
"MUS";"maurice";"fr"
"MUS";"port louis";"fr"
"MWI";"lilongwe";"fr"
"MWI";"malawien*";"fr"
"MWI";"malawi";"fr"
"MYS";"malaisie";"fr"
"MYS";"putrajaya";"fr"
"MYS";"malaisien*";"fr"
"MYS";"kuala lumpur";"fr"
"NAM";"namibie";"fr"
"NAM";"windhoek";"fr"
"NAM";"namibien*";"fr"
"NER";"niamey";"fr"
"NER";"nigerien*";"fr"
"NER";"niger";"fr"
"NGA";"lagos";"fr"
"NGA";"nigerian*";"fr"
"NGA";"nigeria";"fr"
"NGA";"abuja";"fr"
"NIC";"nicaraguayen*";"fr"
"NIC";"managua";"fr"
"NIC";"nicaragua";"fr"
"NLD";"pays-bas";"fr"
"NLD";"hollandais*";"fr"
"NLD";"néerlandais*";"fr"
"NLD";"amsterdam";"fr"
"NOR";"norvège";"fr"
"NOR";"norvégien*";"fr"
"NOR";"oslo";"fr"
"NPL";"katmandou";"fr"
"NPL";"nepalais*";"fr"
"NPL";"katmandu";"fr"
"NPL";"kathmandu";"fr"
"NPL";"népal";"fr"
"NRU";"nauru";"fr"
"NRU";"nauruan*";"fr"
"NRU";"yaren";"fr"
"NZL";"nouvelle zélande";"fr"
"NZL";"nouvelle-zélande";"fr"
"NZL";"néo-zélandais*";"fr"
"NZL";"néozélandais";"fr"
"NZL";"wellington";"fr"
"NZL";"auckland";"fr"
"OMN";"omanais*";"fr"
"OMN";"mascate";"fr"
"OMN";"oman";"fr"
"OSA";"ossetie du sud";"fr"
"PAK";"pakistanais*";"fr"
"PAK";"islamabad";"fr"
"PAK";"pakistan";"fr"
"PAN";"panama";"fr"
"PAN";"panama city";"fr"
"PAN";"panaméen*";"fr"
"PER";"lima";"fr"
"PER";"perou";"fr"
"PER";"peruvien*";"fr"
"PHL";"philippin*";"fr"
"PHL";"manille";"fr"
"PHL";"philippines";"fr"
"PLW";"palaos";"fr"
"PLW";"paluan*";"fr"
"PLW";"melekeok";"fr"
"PNG";"papouasie nouvelle guinée";"fr"
"PNG";"papouasie-nouvelle-guinée";"fr"
"PNG";"papouasien*";"fr"
"PNG";"port moresby";"fr"
"POL";"varsovie";"fr"
"POL";"polonais*";"fr"
"POL";"pologne";"fr"
"PRK";"république populaire démocratique de corée";"fr"
"PRK";"rpdc";"fr"
"PRK";"corée du nord";"fr"
"PRK";"pyongyang";"fr"
"PRK";"nord-coréen*";"fr"
"PRT";"portugais*";"fr"
"PRT";"lisbonne";"fr"
"PRT";"portugal";"fr"
"PRY";"paraguay";"fr"
"PRY";"paraguayen*";"fr"
"PRY";"asuncion";"fr"
"PSE";"palestinien*";"fr"
"PSE";"cisjordanien*";"fr"
"PSE";"gazaoui*";"fr"
"PSE";"palestine";"fr"
"PSE";"gaza";"fr"
"PSE";"cisjordanie";"fr"
"QAT";"qatari*";"fr"
"QAT";"qatar";"fr"
"QAT";"qatarien*";"fr"
"QAT";"doha";"fr"
"QAT";"qatariote*";"fr"
"ROU";"bucarest";"fr"
"ROU";"roumanie";"fr"
"ROU";"roumain*";"fr"
"RUS";"russe*";"fr"
"RUS";"moscou";"fr"
"RUS";"russie";"fr"
"RWA";"rwanda";"fr"
"RWA";"rwandais*";"fr"
"RWA";"kigali";"fr"
"SAU";"riyadh";"fr"
"SAU";"arabie saoudite";"fr"
"SAU";"saoudien*";"fr"
"SAU";"riyad";"fr"
"SDN";"khartoum";"fr"
"SDN";"soudanais*";"fr"
"SDN";"soudan";"fr"
"SDS";"soudan du sud";"fr"
"SDS";"sud-soudan";"fr"
"SEN";"dakar";"fr"
"SEN";"senegalais*";"fr"
"SEN";"senegal";"fr"
"SGP";"singapour";"fr"
"SGP";"singapourien*";"fr"
"SLB";"îles salomon";"fr"
"SLB";"îles salomon";"fr"
"SLB";"salomonien*";"fr"
"SLB";"salomonais*";"fr"
"SLB";"honiara";"fr"
"SLE";"sierra leonais*";"fr"
"SLE";"freetown";"fr"
"SLE";"sierra leone";"fr"
"SLE";"sierra léonais*";"fr"
"SLV";"salvadorien*";"fr"
"SLV";"salvador";"fr"
"SMR";"saint marin";"fr"
"SMR";"saint-marin";"fr"
"SMR";"saint-marinais*";"fr"
"SOM";"somali*";"fr"
"SOM";"somalien*";"fr"
"SOM";"somalie";"fr"
"SOM";"mogadiscio";"fr"
"SOM";"mogadishu";"fr"
"SRB";"serbie";"fr"
"SRB";"belgrade";"fr"
"SRB";"serbe*";"fr"
"STP";"sao tomé-et-principe";"fr"
"STP";"sao toméen*";"fr"
"STP";"são tomé-et-príncipe";"fr"
"SUR";"suriname";"fr"
"SUR";"surinamien*";"fr"
"SUR";"paramaribo";"fr"
"SUR";"surinamais*";"fr"
"SVK";"bratislava";"fr"
"SVK";"slovaquie";"fr"
"SVK";"slovaqu*";"fr"
"SVN";"slovénie";"fr"
"SVN";"slovène*";"fr"
"SVN";"ljubljana";"fr"
"SWE";"suédois*";"fr"
"SWE";"stockholm";"fr"
"SWE";"suède";"fr"
"SWZ";"mbabane";"fr"
"SWZ";"swazi*";"fr"
"SWZ";"swaziland";"fr"
"SWZ";"lobamba";"fr"
"SYC";"seychellois*";"fr"
"SYC";"seychelles";"fr"
"SYR";"syrien*";"fr"
"SYR";"damas";"fr"
"SYR";"syrie";"fr"
"TCD";"ndjamena";"fr"
"TCD";"tchadien*";"fr"
"TCD";"n'djaména";"fr"
"TCD";"n'djamena";"fr"
"TCD";"tchad";"fr"
"TGO";"lomé";"fr"
"TGO";"togolais*";"fr"
"TGO";"togo";"fr"
"TGO";"lome";"fr"
"THA";"thaïlandais*";"fr"
"THA";"thaïlande";"fr"
"THA";"bangkok";"fr"
"TJK";"tajik*";"fr"
"TJK";"tajikistan";"fr"
"TJK";"dushanbe";"fr"
"TKM";"turkmenistan";"fr"
"TKM";"turkménistan";"fr"
"TKM";"turkmène";"fr"
"TKM";"ashhabad";"fr"
"TKM";"turkmen*";"fr"
"TLS";"timor oriental";"fr"
"TLS";"timorais";"fr"
"TLS";"dili";"fr"
"TLS";"timor leste";"fr"
"TON";"tonga";"fr"
"TON";"tongien*";"fr"
"TON";"nuku'alofa";"fr"
"TTO";"trinidad";"fr"
"TTO";"trinité-et-tobago";"fr"
"TTO";"trinité et tobago";"fr"
"TTO";"trinidadien*";"fr"
"TTO";"port of spain";"fr"
"TUN";"tunisie";"fr"
"TUN";"tunis";"fr"
"TUN";"tunisien*";"fr"
"TUR";"turc*";"fr"
"TUR";"istanbul";"fr"
"TUR";"ankara";"fr"
"TUR";"turquie";"fr"
"TUR";"turque*";"fr"
"TUV";"tuvalu";"fr"
"TUV";"tuvaluan*";"fr"
"TUV";"funafuti";"fr"
"TWN";"taiwan";"fr"
"TWN";"taïwan";"fr"
"TWN";"taïwanais*";"fr"
"TWN";"taipei";"fr"
"TZA";"tanzanien*";"fr"
"TZA";"dodoma";"fr"
"TZA";"dar es salaam";"fr"
"TZA";"tanzanie";"fr"
"UGA";"ouganda";"fr"
"UGA";"ougandais*";"fr"
"UGA";"kampala";"fr"
"UKR";"ukraine";"fr"
"UKR";"kiev";"fr"
"UKR";"ukrainien*";"fr"
"URY";"montevideo";"fr"
"URY";"uruguayen*";"fr"
"URY";"uruguay";"fr"
"USA";"usa";"fr"
"USA";"etats-unis";"fr"
"USA";"washington";"fr"
"USA";"americain*";"fr"
"USA";"états-unis";"fr"
"UZB";"ouzbek*";"fr"
"UZB";"ouzbékistan";"fr"
"UZB";"ouzbekistan";"fr"
"UZB";"tashkent";"fr"
"VAT";"vatican*";"fr"
"VAT";"saint siège";"fr"
"VCT";"saint-vincent-et-les-grenadines";"fr"
"VCT";"kingstown";"fr"
"VCT";"saint vincent et les grenadines";"fr"
"VEN";"caracas";"fr"
"VEN";"venezuela";"fr"
"VEN";"venezuelien*";"fr"
"VNM";"viêtnam";"fr"
"VNM";"hanoi";"fr"
"VNM";"ho chi minh ville";"fr"
"VNM";"vietnamien*";"fr"
"VNM";"hô-chi-minh-ville";"fr"
"VNM";"vietnam";"fr"
"VNM";"viêt nam";"fr"
"VNM";"viet nam";"fr"
"VNM";"hanoï";"fr"
"VUT";"vanuatu";"fr"
"VUT";"vanuatais*";"fr"
"VUT";"port vila";"fr"
"WSM";"samoa";"fr"
"WSM";"samoan*";"fr"
"WSM";"apia";"fr"
"YEM";"yémeni*";"fr"
"YEM";"yémen";"fr"
"YEM";"sanaa";"fr"
"YEM";"yemen";"fr"
"YEM";"yemeni*";"fr"
"ZAF";"pretoria";"fr"
"ZAF";"république d'afrique du sud";"fr"
"ZAF";"le cap";"fr"
"ZAF";"johannesburg";"fr"
"ZAF";"république sud africaine";"fr"
"ZAF";"sud-africain*";"fr"
"ZAF";"afrique du sud";"fr"
"ZAF";"sudafricain*";"fr"
"ZMB";"zambien*";"fr"
"ZMB";"zambie";"fr"
"ZMB";"lusaka";"fr"
"ZWE";"harare";"fr"
"ZWE";"zimbabwe";"fr"
"ZWE";"zimbabwéen*";"fr"
"ABK";"abcas*";"it"
"AFG";"afghanistan";"it"
"AFG";"afganistan";"it"
"AFG";"afghan*";"it"
"AFG";"kabul";"it"
"AFG";"afgan*";"it"
"AGO";"angolan*";"it"
"AGO";"angola";"it"
"AGO";"luanda";"it"
"ALB";"albania";"it"
"ALB";"albanes*";"it"
"ALB";"tirana";"it"
"AND";"andorra la vella";"it"
"AND";"andorran*";"it"
"AND";"andorra";"it"
"ARE";"emirati arabi uniti";"it"
"ARE";"uae";"it"
"ARE";"emiratens*";"it"
"ARE";"abu dhabi";"it"
"ARE";"emiratin*";"it"
"ARG";"argentina";"it"
"ARG";"buenos aires";"it"
"ARG";"argentin*";"it"
"ARM";"armenia";"it"
"ARM";"armen*";"it"
"ARM";"yerevan";"it"
"ATG";"antigua e barbuda";"it"
"ATG";"antiguo-barbudan*";"it"
"ATG";"saint john's";"it"
"AUS";"australia";"it"
"AUS";"canberra";"it"
"AUS";"sydney";"it"
"AUS";"australian*";"it"
"AUT";"austria";"it"
"AUT";"vienna";"it"
"AUT";"austriac*";"it"
"AZE";"azerbaigian";"it"
"AZE";"baku";"it"
"AZE";"azer*";"it"
"BDI";"burundi";"it"
"BDI";"gitega";"it"
"BDI";"bujumbura";"it"
"BDI";"burundes*";"it"
"BEL";"bruxelles";"it"
"BEL";"belg*";"it"
"BEL";"belgio";"it"
"BEN";"benin";"it"
"BEN";"benines*";"it"
"BEN";"porto-novo";"it"
"BEN";"dahomey";"it"
"BFA";"burkinabe*";"it"
"BFA";"ouagadougou";"it"
"BFA";"burkinabé*";"it"
"BFA";"burkina faso";"it"
"BGD";"dhaka";"it"
"BGD";"dacca";"it"
"BGD";"bangladesh";"it"
"BGD";"banglades*";"it"
"BGD";"bengales*";"it"
"BGR";"sofia";"it"
"BGR";"bulgaria";"it"
"BGR";"bulgar*";"it"
"BHR";"manama";"it"
"BHR";"bahreinit*";"it"
"BHR";"bahrain";"it"
"BHR";"bahrein";"it"
"BHS";"bahamens*";"it"
"BHS";"bahama";"it"
"BHS";"nassau";"it"
"BHS";"bahamas";"it"
"BIH";"bosnia ed erzegovina";"it"
"BIH";"bosnia-erzegovina";"it"
"BIH";"bosniac*";"it"
"BIH";"erzegovin*";"it"
"BIH";"erzegoves*";"it"
"BIH";"sarajevo";"it"
"BIH";"bosnia";"it"
"BLR";"bielorussia";"it"
"BLR";"bieloruss*";"it"
"BLR";"russia bianca";"it"
"BLR";"minsk";"it"
"BLZ";"belize";"it"
"BLZ";"belmopan";"it"
"BLZ";"belizian*";"it"
"BLZ";"honduras britannico";"it"
"BLZ";"belise";"it"
"BLZ";"belisian*";"it"
"BOL";"la paz";"it"
"BOL";"bolivian*";"it"
"BOL";"sucre";"it"
"BOL";"bolivia";"it"
"BRA";"brasile";"it"
"BRA";"são paulo";"it"
"BRA";"sao paulo";"it"
"BRA";"brasilia";"it"
"BRA";"rio";"it"
"BRA";"rio de janeiro";"it"
"BRA";"brasilian*";"it"
"BRB";"barbados";"it"
"BRB";"bridgetown";"it"
"BRB";"barbadian*";"it"
"BRN";"bandar seri begawan";"it"
"BRN";"bruneian*";"it"
"BRN";"brunei";"it"
"BTN";"butan";"it"
"BTN";"thimphu";"it"
"BTN";"bhutanes*";"it"
"BTN";"bhutan";"it"
"BWA";"botswan*";"it"
"BWA";"gaborone";"it"
"BWA";"botswana";"it"
"BWA";"beciuania";"it"
"CAF";"centrafrican*";"it"
"CAF";"bangui";"it"
"CAF";"repubblica centrafricana";"it"
"CAN";"quebec";"it"
"CAN";"ottawa";"it"
"CAN";"canades*";"it"
"CAN";"toronto";"it"
"CAN";"canada";"it"
"CHE";"svizzera";"it"
"CHE";"berna";"it"
"CHE";"svizzer*";"it"
"CHE";"zurigo";"it"
"CHL";"cile";"it"
"CHL";"cilen*";"it"
"CHL";"santiago";"it"
"CHL";"santiago del cile";"it"
"CHN";"cina";"it"
"CHN";"shanghai";"it"
"CHN";"repubblica popolare cinese";"it"
"CHN";"pechino";"it"
"CHN";"sciangai";"it"
"CHN";"cines*";"it"
"CIV";"côte d'ivoire";"it"
"CIV";"abidjan";"it"
"CIV";"ivorian*";"it"
"CIV";"yamoussoukro";"it"
"CIV";"costa d'avorio";"it"
"CMR";"camerun";"it"
"CMR";"yaounde";"it"
"CMR";"camerunens*";"it"
"CMR";"camerunes*";"it"
"CMR";"yaoundé";"it"
"COD";"ex congo belga";"it"
"COD";"congo-kinshasa";"it"
"COD";"congoles*";"it"
"COD";"zaire";"it"
"COD";"kinshasa";"it"
"COD";"repubblica democratica del congo";"it"
"COG";"brazzaville";"it"
"COG";"congo";"it"
"COG";"congo-brazzaville";"it"
"COG";"ex congo francese";"it"
"COG";"repubblica del congo";"it"
"COG";"congoles*";"it"
"COL";"colombian*";"it"
"COL";"colombia";"it"
"COL";"bogota";"it"
"COM";"comorian*";"it"
"COM";"comore";"it"
"COM";"moroni";"it"
"CPV";"capoverdian*";"it"
"CPV";"praia";"it"
"CPV";"capo verde";"it"
"CRI";"san jose";"it"
"CRI";"san josé";"it"
"CRI";"costarica";"it"
"CRI";"costarican*";"it"
"CRI";"costa rica";"it"
"CUB";"havana";"it"
"CUB";"cuban*";"it"
"CUB";"cuba";"it"
"CYN";"cypro del nord";"it"
"CYN";"republica turca di cipro";"it"
"CYP";"cipriot*";"it"
"CYP";"cipro";"it"
"CYP";"nicosia";"it"
"CZE";"repubblica ceca";"it"
"CZE";"cech*";"it"
"CZE";"praga";"it"
"DEU";"germania";"it"
"DEU";"tedesc*";"it"
"DEU";"berlino";"it"
"DJI";"gibutian*";"it"
"DJI";"gibuti";"it"
"DMA";"roseau";"it"
"DMA";"dominicens*";"it"
"DMA";"commonwealth della dominica";"it"
"DMA";"dominica";"it"
"DNK";"danes*";"it"
"DNK";"danimarca";"it"
"DNK";"copenhagen";"it"
"DOM";"santo domingo";"it"
"DOM";"dominican*";"it"
"DOM";"repubblica dominicana";"it"
"DZA";"algeri";"it"
"DZA";"algeria";"it"
"DZA";"algerin*";"it"
"ECU";"ecuatorian*";"it"
"ECU";"ecuadoregn*";"it"
"ECU";"quito";"it"
"ECU";"ecuador";"it"
"ECU";"ecuadorian*";"it"
"EGY";"egitto";"it"
"EGY";"cairo";"it"
"EGY";"egizian*";"it"
"ERI";"asmara";"it"
"ERI";"eritre*";"it"
"ERI";"eritrea";"it"
"ESH";"el aaiún";"it"
"ESH";"el aaiun";"it"
"ESH";"sahrawi";"it"
"ESH";"sahrawi";"it"
"ESH";"sahara occidentale";"it"
"ESP";"madrid";"it"
"ESP";"spagnol*";"it"
"ESP";"spagna";"it"
"EST";"tallinn";"it"
"EST";"estonia";"it"
"EST";"eston*";"it"
"ETH";"etiopia";"it"
"ETH";"addis abeba";"it"
"ETH";"abissin*";"it"
"ETH";"etiop*";"it"
"FIN";"helsinki";"it"
"FIN";"finlandia";"it"
"FIN";"finlandes*";"it"
"FJI";"figi";"it"
"FJI";"suva";"it"
"FJI";"figian*";"it"
"FRA";"francia";"it"
"FRA";"parigi";"it"
"FRA";"francese";"it"
"FRA";"francesi";"it"
"FSM";"micronesia";"it"
"FSM";"palikir";"it"
"FSM";"micronesian*";"it"
"GAB";"gabones*";"it"
"GAB";"repubblica gabonese";"it"
"GAB";"libreville";"it"
"GAB";"gabon";"it"
"GBR";"regno unito";"it"
"GBR";"londra";"it"
"GBR";"gran bretagna";"it"
"GBR";"britannic*";"it"
"GEO";"tbilisi";"it"
"GEO";"georgian*";"it"
"GEO";"georgia";"it"
"GHA";"ganes*";"it"
"GHA";"accra";"it"
"GHA";"ghanes*";"it"
"GHA";"ganaens*";"it"
"GHA";"ghanaes*";"it"
"GHA";"ghana";"it"
"GHA";"ganaes*";"it"
"GHA";"gana";"it"
"GHA";"ghanaens*";"it"
"GIN";"conakry";"it"
"GIN";"guinean*";"it"
"GIN";"guinea conakry";"it"
"GIN";"guinea";"it"
"GMB";"banjul";"it"
"GMB";"gambia";"it"
"GMB";"gambian*";"it"
"GNB";"guinea bissau";"it"
"GNB";"guineens*";"it"
"GNB";"bissau";"it"
"GNB";"guinea-bissau";"it"
"GNQ";"guinea equatoriale";"it"
"GNQ";"equatoguinean*";"it"
"GNQ";"malabo";"it"
"GRC";"atene";"it"
"GRC";"grec*";"it"
"GRC";"grecia";"it"
"GRD";"grenadin*";"it"
"GRD";"saint george's";"it"
"GRD";"st george's";"it"
"GRD";"grenada";"it"
"GTM";"città del guatemala";"it"
"GTM";"guatemala";"it"
"GTM";"guatemaltec*";"it"
"GUY";"guyana";"it"
"GUY";"guianes*";"it"
"HND";"ondura";"it"
"HND";"tegucigalpa";"it"
"HND";"honduras";"it"
"HND";"onduregn*";"it"
"HRV";"croazia";"it"
"HRV";"zagabria";"it"
"HRV";"croat*";"it"
"HTI";"port-au-prince";"it"
"HTI";"haitian*";"it"
"HTI";"port au prince";"it"
"HTI";"haiti";"it"
"HUN";"ungheres*";"it"
"HUN";"budapest";"it"
"HUN";"ungheria";"it"
"IDN";"bali";"it"
"IDN";"indonesia";"it"
"IDN";"indonesian*";"it"
"IDN";"jakarta";"it"
"IND";"mumbai";"it"
"IND";"india";"it"
"IND";"nuova delhi";"it"
"IND";"indian*";"it"
"IRL";"dublino";"it"
"IRL";"irland";"it"
"IRL";"irlandes*";"it"
"IRN";"iran";"it"
"IRN";"iranian*";"it"
"IRN";"tehran";"it"
"IRQ";"irachen*";"it"
"IRQ";"iraqen*";"it"
"IRQ";"iraq";"it"
"IRQ";"baghdad";"it"
"ISL";"islanda";"it"
"ISL";"reykjavik";"it"
"ISL";"islandes*";"it"
"ISR";"israele";"it"
"ISR";"tel aviv";"it"
"ISR";"israelian*";"it"
"ISR";"gerusalemme";"it"
"ITA";"italia";"it"
"ITA";"roma";"it"
"ITA";"italian*";"it"
"JAM";"jamaica";"it"
"JAM";"jamaican*";"it"
"JAM";"kingston";"it"
"JOR";"giorania";"it"
"JOR";"amman";"it"
"JOR";"giordan*";"it"
"JPN";"giappones*";"it"
"JPN";"giappone";"it"
"JPN";"tokyo";"it"
"KAZ";"nursultan";"it"
"KAZ";"kazachstan";"it"
"KAZ";"kazahstan";"it"
"KAZ";"kazak*";"it"
"KAZ";"kazakhstan";"it"
"KAZ";"astana";"it"
"KAZ";"kazakh*";"it"
"KAZ";"kazakistan";"it"
"KEN";"nairobi";"it"
"KEN";"kenyan*";"it"
"KEN";"kenya";"it"
"KEN";"kenian*";"it"
"KEN";"kenyot*";"it"
"KEN";"keniot*";"it"
"KGZ";"bişkek";"it"
"KGZ";"kirghis*";"it"
"KGZ";"bishkek";"it"
"KGZ";"kirghizistan";"it"
"KGZ";"chirghisia";"it"
"KHM";"cambogian*";"it"
"KHM";"phnom penh";"it"
"KHM";"cambogia";"it"
"KIR";"kiribati";"it"
"KIR";"tarawa sud";"it"
"KIR";"gilbertes*";"it"
"KOR";"corea del sud";"it"
"KOR";"seoul";"it"
"KOR";"sudcorean*";"it"
"KOR";"sud corea";"it"
"KOS";"kosovo";"it"
"KWT";"kuwait";"it"
"KWT";"kuwaitian*";"it"
"KWT";"kuwait city";"it"
"KWT";"al kuwait";"it"
"LAO";"laosian*";"it"
"LAO";"laotian*";"it"
"LAO";"laos";"it"
"LAO";"vientiane";"it"
"LBN";"libano";"it"
"LBN";"libanes*";"it"
"LBN";"beirut";"it"
"LBR";"liberian*";"it"
"LBR";"liberia";"it"
"LBR";"monrovia";"it"
"LBY";"tripoli";"it"
"LBY";"libia";"it"
"LBY";"libic*";"it"
"LCA";"saint lucia";"it"
"LCA";"castries";"it"
"LIE";"liechtenstein";"it"
"LIE";"liechtenstein*";"it"
"LIE";"vaduz";"it"
"LIE";"liechtensteinian*";"it"
"LKA";"singales*";"it"
"LKA";"cingales*";"it"
"LKA";"srilankes*";"it"
"LKA";"sri jayewardanapura kotte";"it"
"LKA";"colombo";"it"
"LKA";"sri lanka";"it"
"LSO";"lesotho";"it"
"LSO";"lesothian*";"it"
"LSO";"maseru";"it"
"LTU";"lituania";"it"
"LTU";"lituan*";"it"
"LTU";"vilnius";"it"
"LUX";"lussemburgo";"it"
"LUX";"lussemburghes*";"it"
"LVA";"letton*";"it"
"LVA";"lettonia";"it"
"LVA";"riga";"it"
"MAR";"marocco";"it"
"MAR";"marocchin*";"it"
"MAR";"rabat";"it"
"MCO";"monaco";"it"
"MCO";"monegasc*";"it"
"MCO";"principato di monaco";"it"
"MDA";"moldav*";"it"
"MDA";"moldavia";"it"
"MDA";"chisinau";"it"
"MDA";"chișinău";"it"
"MDG";"antananarivo";"it"
"MDG";"madagascar";"it"
"MDG";"malgasc*";"it"
"MDV";"maldivian*";"it"
"MDV";"maldive";"it"
"MEX";"messico";"it"
"MEX";"messican*";"it"
"MEX";"città del messico";"it"
"MHL";"isole marshall";"it"
"MHL";"majuro";"it"
"MHL";"dalap-uliga-marrit";"it"
"MHL";"marshalles*";"it"
"MKD";"macedonia del nord";"it"
"MKD";"skopje";"it"
"MKD";"macedon*";"it"
"MKD";"macedonia";"it"
"MLI";"malian*";"it"
"MLI";"bamako";"it"
"MLI";"mali";"it"
"MLT";"valletta";"it"
"MLT";"maltes*";"it"
"MLT";"malta";"it"
"MMR";"myanmar";"it"
"MMR";"birman*";"it"
"MMR";"birmania";"it"
"MMR";"naypyidaw";"it"
"MMR";"yangon";"it"
"MNE";"montenegro";"it"
"MNE";"podgorica";"it"
"MNE";"montenegrin*";"it"
"MNG";"ulan bator";"it"
"MNG";"mongol*";"it"
"MNG";"mongolia";"it"
"MOZ";"mozambico";"it"
"MOZ";"maputo";"it"
"MOZ";"mozambican*";"it"
"MRT";"mauritan*";"it"
"MRT";"mauritanian*";"it"
"MRT";"mauritania";"it"
"MRT";"nouakchott";"it"
"MUS";"mauritius";"it"
"MUS";"port louis";"it"
"MUS";"maurizian*";"it"
"MWI";"lilongwe";"it"
"MWI";"malawian*";"it"
"MWI";"malawi";"it"
"MYS";"kuala lumpur";"it"
"MYS";"putrajaya";"it"
"MYS";"malesia";"it"
"MYS";"males*";"it"
"NAM";"namibia";"it"
"NAM";"windhoek";"it"
"NAM";"namibian*";"it"
"NER";"niamey";"it"
"NER";"nigerin*";"it"
"NER";"niger";"it"
"NGA";"nigerian*";"it"
"NGA";"lagos";"it"
"NGA";"abuja";"it"
"NGA";"nigeria";"it"
"NIC";"nicaraguens*";"it"
"NIC";"managua";"it"
"NIC";"nicaragua";"it"
"NLD";"paesi bassi";"it"
"NLD";"olanda";"it"
"NLD";"amsterdam";"it"
"NLD";"olandes*";"it"
"NOR";"oslo";"it"
"NOR";"norveges*";"it"
"NOR";"norvegia";"it"
"NPL";"nepales*";"it"
"NPL";"kathmandu";"it"
"NPL";"nepal";"it"
"NPL";"katmandu";"it"
"NRU";"nauru";"it"
"NRU";"nauruan*";"it"
"NRU";"yaren";"it"
"NRU";"nauruan*";"it"
"NZL";"nuova zelanda";"it"
"NZL";"wellington";"it"
"NZL";"auckland";"it"
"NZL";"neozelandes*";"it"
"OMN";"mascate";"it"
"OMN";"omanit*";"it"
"OMN";"oman";"it"
"OSA";"ossezia del sud";"it"
"PAK";"pakistan*";"it"
"PAK";"islamabad";"it"
"PAK";"pakistan";"it"
"PAN";"panama";"it"
"PAN";"città di panama";"it"
"PAN";"panamens*";"it"
"PER";"lima";"it"
"PER";"peru";"it"
"PER";"peruvian*";"it"
"PER";"perù";"it"
"PHL";"manila";"it"
"PHL";"filippin*";"it"
"PHL";"filippine";"it"
"PLW";"belau";"it"
"PLW";"ngerulmud";"it"
"PLW";"palauan*";"it"
"PNG";"papua nuova guinea";"it"
"PNG";"port moresby";"it"
"PNG";"papuan*";"it"
"POL";"polacc*";"it"
"POL";"polonia";"it"
"POL";"varsavia";"it"
"PRK";"pyongyang";"it"
"PRK";"nordcorean*";"it"
"PRK";"nord corea";"it"
"PRK";"repubblica popolare democratica di corea";"it"
"PRK";"corea del nord";"it"
"PRT";"portogallo";"it"
"PRT";"lisbona";"it"
"PRT";"portoghes*";"it"
"PRY";"asunción";"it"
"PRY";"paraguai";"it"
"PRY";"paraguay";"it"
"PRY";"paraguaian*";"it"
"PRY";"asuncion";"it"
"PSE";"palestina";"it"
"PSE";"gaza city";"it"
"PSE";"striscia di gaza";"it"
"PSE";"gaza";"it"
"PSE";"palestines*";"it"
"PSE";"cisgiordania";"it"
"PSE";"ramallah";"it"
"QAT";"qatar";"it"
"QAT";"qatarian*";"it"
"QAT";"qatarin*";"it"
"QAT";"qatariot*";"it"
"QAT";"doha";"it"
"ROU";"romania";"it"
"ROU";"rumen*";"it"
"ROU";"romen*";"it"
"ROU";"bucarest";"it"
"RUS";"mosca";"it"
"RUS";"russ*";"it"
"RUS";"russia";"it"
"RWA";"ruanda";"it"
"RWA";"kigali";"it"
"RWA";"ruandes*";"it"
"SAU";"arabia saudita";"it"
"SAU";"riad";"it"
"SAU";"saudit*";"it"
"SDN";"khartum";"it"
"SDN";"sudanes*";"it"
"SDN";"sudan";"it"
"SDS";"sudan del sud";"it"
"SDS";"sud sudan";"it"
"SDS";"sudan meridionale";"it"
"SEN";"senegales*";"it"
"SEN";"dakar";"it"
"SEN";"senegal";"it"
"SGP";"singapore";"it"
"SGP";"singaporean*";"it"
"SLB";"isole salomone";"it"
"SLB";"honiara";"it"
"SLB";"salomones*";"it"
"SLE";"freetown";"it"
"SLE";"sierra leone";"it"
"SLE";"sierraleones*";"it"
"SLV";"el salvador";"it"
"SLV";"san salvador";"it"
"SLV";"salvadoregn*";"it"
"SMR";"san marino";"it"
"SMR";"sammarines*";"it"
"SOM";"somal*";"it"
"SOM";"somalia";"it"
"SOM";"mogadiscio";"it"
"SRB";"serbia";"it"
"SRB";"belgrado";"it"
"SRB";"serb*";"it"
"STP";"sao tome e principe";"it"
"STP";"saotomens*";"it"
"STP";"são tomé e príncipe";"it"
"SUR";"surinames*";"it"
"SUR";"suriname";"it"
"SUR";"paramaribo";"it"
"SVK";"slovacc*";"it"
"SVK";"bratislava";"it"
"SVK";"slovacchia";"it"
"SVN";"lubiana";"it"
"SVN";"sloven*";"it"
"SVN";"slovenia";"it"
"SWE";"svezia";"it"
"SWE";"svedes*";"it"
"SWE";"stoccolma";"it"
"SWZ";"lobamba";"it"
"SWZ";"ngwane";"it"
"SWZ";"eswatini";"it"
"SWZ";"swaziland";"it"
"SWZ";"swazilandes*";"it"
"SWZ";"mbabane";"it"
"SYC";"seychelles";"it"
"SYC";"seicelles*";"it"
"SYC";"victoria";"it"
"SYC";"seychelles*";"it"
"SYR";"siria";"it"
"SYR";"damasco";"it"
"SYR";"sirian*";"it"
"TCD";"n'djamena";"it"
"TCD";"ciadian*";"it"
"TCD";"ciad";"it"
"TGO";"lome";"it"
"TGO";"togo";"it"
"TGO";"repubblica togolese";"it"
"TGO";"togoles*";"it"
"TGO";"lomé";"it"
"THA";"thailandia";"it"
"THA";"tailandia";"it"
"THA";"tailandes*";"it"
"THA";"bangkok";"it"
"THA";"thailandes*";"it"
"TJK";"dushanbe";"it"
"TJK";"dusanbe";"it"
"TJK";"dušanbe";"it"
"TJK";"tajiks*";"it"
"TJK";"tagik*";"it"
"TJK";"tajikistan";"it"
"TJK";"tagichistan";"it"
"TKM";"turkmenistan";"it"
"TKM";"repubblica turkmena";"it"
"TKM";"turkmen*";"it"
"TKM";"asgabat";"it"
"TKM";"aşgabat";"it"
"TLS";"timor est";"it"
"TLS";"est-timores*";"it"
"TLS";"dili";"it"
"TON";"tonga";"it"
"TON";"nuku'alofa";"it"
"TON";"tongan*";"it"
"TTO";"trinidadian*";"it"
"TTO";"trinidad e tobago";"it"
"TTO";"port of spain";"it"
"TUN";"tunisin*";"it"
"TUN";"tunisia";"it"
"TUN";"tunisi";"it"
"TUR";"turchia";"it"
"TUR";"turc*";"it"
"TUR";"istanbul";"it"
"TUR";"ankara";"it"
"TUV";"tuvalu";"it"
"TUV";"isole ellice";"it"
"TUV";"funafuti";"it"
"TUV";"tuvaluan*";"it"
"TWN";"taiwanes*";"it"
"TWN";"taiwanens*";"it"
"TWN";"taipei";"it"
"TWN";"taiwan";"it"
"TZA";"tanzanian*";"it"
"TZA";"tanzania";"it"
"TZA";"dodoma";"it"
"TZA";"dar es salaam";"it"
"UGA";"ugandes*";"it"
"UGA";"kampala";"it"
"UGA";"uganda";"it"
"UKR";"kiev";"it"
"UKR";"ucrain*";"it"
"UKR";"ucraina";"it"
"URY";"uruguay";"it"
"URY";"uruguagi*";"it"
"URY";"montevideo";"it"
"URY";"uruguaian*";"it"
"USA";"stati uniti";"it"
"USA";"washington";"it"
"USA";"american*";"it"
"USA";"u_sa";"it"
"UZB";"uzbekistan";"it"
"UZB";"uzbek*";"it"
"UZB";"usbechistàn";"it"
"UZB";"tashkent";"it"
"UZB";"usbechistan";"it"
"VAT";"città del vaticano";"it"
"VAT";"vaticano";"it"
"VAT";"santa sede";"it"
"VCT";"sanvincentin*";"it"
"VCT";"saint vincent e grenadine";"it"
"VCT";"san vincenzo e grenadine";"it"
"VCT";"kingstown";"it"
"VEN";"venezuela";"it"
"VEN";"venezuelan*";"it"
"VEN";"caracas";"it"
"VNM";"vietnam";"it"
"VNM";"vietnamit*";"it"
"VNM";"hanoi";"it"
"VNM";"città di ho chi minh";"it"
"VNM";"ho chi minh";"it"
"VUT";"vanuatu";"it"
"VUT";"port vila";"it"
"VUT";"vanuatuan*";"it"
"WSM";"samoa";"it"
"WSM";"apia";"it"
"WSM";"samoan*";"it"
"YEM";"iemenit*";"it"
"YEM";"yemenit*";"it"
"YEM";"sana'a";"it"
"YEM";"aden";"it"
"YEM";"yemen";"it"
"ZAF";"sudafrican*";"it"
"ZAF";"bloemfontein";"it"
"ZAF";"sudafrica";"it"
"ZAF";"pretoria";"it"
"ZAF";"città del capo";"it"
"ZMB";"zambian*";"it"
"ZMB";"zambia";"it"
"ZMB";"lusaka";"it"
"ZWE";"zimbabwes*";"it"
"ZWE";"harare";"it"
"ZWE";"zimbabwe";"it"
